Date,Time,Site,Unit_ID,User_ID,deg_C,mbars,do_perc,do_mgL,spc_uscm,pH,NTU,chla_ugL,chla_RFU,phycoc_ugL,phycoc_RFU,depth_m_prodss,depth_m
6/13/24,11:07:59,Buoy,PRODSS,,7.6,1016.6,90.1,10.76,97.7,,3.81,3.72,0.81,0.23,0.24,12.407,12.5
6/13/24,11:07:00,Buoy,PRODSS,,7.9,1016.7,92.8,11.02,97.7,,0.58,3.38,0.73,0.07,0.09,11.862,12
6/13/24,11:06:35,Buoy,PRODSS,,8.3,1016.7,94.2,11.06,97.7,,0.59,3.54,0.77,0.09,0.1,10.929,11
6/13/24,11:05:42,Buoy,PRODSS,,9,1016.8,97,11.21,97.3,,0.58,3.31,0.71,0.06,0.08,9.886,10
6/13/24,11:05:11,Buoy,PRODSS,,9.6,1016.5,99,11.27,97.3,,0.6,3.13,0.67,0.05,0.07,8.915,9
6/13/24,11:04:39,Buoy,PRODSS,,11.1,1016.4,101.2,11.13,96.7,,0.57,2.61,0.55,0.05,0.07,7.892,8
6/13/24,11:04:22,Buoy,PRODSS,,12.2,1016.3,104.2,11.17,96.3,,0.49,2.3,0.47,0.02,0.04,6.902,7
6/13/24,11:03:52,Buoy,PRODSS,,15.2,1016.1,105.3,10.57,96.7,,0.44,2.22,0.45,0.04,0.05,5.882,6
6/13/24,11:03:24,Buoy,PRODSS,,18,1015.7,102.8,9.72,96.7,,0.42,2.15,0.44,0.02,0.04,4.914,5
6/13/24,11:02:58,Buoy,PRODSS,,19.1,1015.3,103.8,9.6,97.1,,0.37,1.94,0.39,-0.01,0.01,3.92,4
6/13/24,11:02:33,Buoy,PRODSS,,19.8,1014.8,104.8,9.58,97.2,,0.38,1.17,0.2,-0.01,0.01,2.928,3
6/13/24,11:02:15,Buoy,PRODSS,,19.9,1014.4,105,9.57,97.2,,0.4,1.17,0.2,0,0.02,1.88,2
6/13/24,11:00:59,Buoy,PRODSS,,20.1,1015.7,106.3,9.63,97.2,,0.41,1.01,0.17,0,0.02,0.513,1
6/13/24,11:00:40,Buoy,PRODSS,,20.2,1015.8,106.5,9.65,97.2,,0.39,0.91,0.14,0,0.02,0.281,0.5
6/13/24,11:00:18,Buoy,PRODSS,,20.2,1015.8,107.2,9.7,97.1,,2.15,1.13,0.2,0.05,0.06,0.221,0.1
06/18/24,9:17:10,Buoy,PRODSS,,8.1,1023.8,90.2,10.64,97.8,,0.64,3.28,0.7,0.09,0.11,12.13,12.5
06/18/24,9:15:03,Buoy,PRODSS,,8.3,1023.8,92.2,10.84,97.8,,0.62,3.3,0.71,0.1,0.11,11.937,12
06/18/24,9:14:18,Buoy,PRODSS,,8.7,1023.9,94.2,10.97,97.4,,0.6,3.26,0.7,0.11,0.13,10.92,11
06/18/24,9:13:18,Buoy,PRODSS,,9,1023.9,95.8,11.06,97.2,,0.63,3.12,0.66,0.09,0.11,9.925,10
06/18/24,9:11:58,Buoy,PRODSS,,9.7,1023.9,97.7,11.11,97,,0.57,2.55,0.53,0.06,0.07,8.953,9
06/18/24,9:10:17,Buoy,PRODSS,,11.8,1024,102.7,11.11,96.6,,0.57,2.43,0.5,0.05,0.06,7.922,8
06/18/24,9:09:12,Buoy,PRODSS,,13.4,1023.9,104.7,10.94,96.5,,0.52,2.75,0.58,0.04,0.06,6.938,7
06/18/24,9:08:14,Buoy,PRODSS,,18.5,1023.9,106.1,9.95,97.4,,0.43,2.31,0.47,-0.01,0.01,5.957,6
06/18/24,9:07:02,Buoy,PRODSS,,19.4,1023.9,105.9,9.75,97.5,,0.41,2.19,0.44,-0.02,0,4.932,5
06/18/24,9:05:58,Buoy,PRODSS,,20,1023.7,106.3,9.67,97.6,,0.4,1.79,0.35,0.01,0.03,3.92,4
06/18/24,9:05:09,Buoy,PRODSS,,20.5,1023.6,107.4,9.67,97.7,,0.38,1.68,0.33,0.01,0.03,2.925,3
06/18/24,9:04:11,Buoy,PRODSS,,20.7,1023.7,107.8,9.67,97.7,,0.39,1.48,0.28,0.01,0.03,1.87,2
06/18/24,9:02:17,Buoy,PRODSS,,20.9,1023.7,108,9.64,97.6,,0.36,1.2,0.21,-0.02,0,0.809,1
06/18/24,9:01:37,Buoy,PRODSS,,20.9,1023.7,107.6,9.61,97.6,,0.41,0.99,0.16,-0.01,0.01,0.358,0.5
06/18/24,9:01:07,Buoy,PRODSS,,21,1023.8,106.4,9.48,97.7,,0.42,0.95,0.15,0.02,0.04,0.223,0.1
06/20/24,9:16:13,Buoy,PRODSS,,8,1025.3,88.2,10.45,97.8,,0.57,3.44,0.74,0.11,0.12,12.205,12.5
06/20/24,9:12:05,Buoy,PRODSS,,8.1,1025.3,90.9,10.73,97.7,,0.57,3.55,0.77,0.1,0.11,11.948,12
06/20/24,9:11:03,Buoy,PRODSS,,8.5,1025.2,92.9,10.86,97.6,,0.58,3.49,0.75,0.08,0.09,10.91,11
06/20/24,9:10:29,Buoy,PRODSS,,9,1025.3,94.7,10.95,97.4,,0.56,3.43,0.74,0.06,0.08,9.911,10
06/20/24,9:09:28,Buoy,PRODSS,,10.1,1025.1,98.3,11.07,97,,0.51,2.73,0.57,0.05,0.06,8.969,9
06/20/24,9:08:44,Buoy,PRODSS,,11.4,1025.2,101.2,11.07,96.5,,0.48,2.61,0.55,0.04,0.06,7.916,8
06/20/24,9:07:59,Buoy,PRODSS,,13.3,1025.2,105.2,11,96.4,,0.43,2.96,0.63,0.02,0.04,6.941,7
06/20/24,9:06:51,Buoy,PRODSS,,16.3,1025,106,10.4,97.2,,0.46,3.14,0.67,0,0.02,5.942,6
06/20/24,9:06:05,Buoy,PRODSS,,20.4,1025,106.9,9.64,97.7,,0.34,1.98,0.4,0,0.02,4.936,5
06/20/24,9:05:27,Buoy,PRODSS,,20.9,1024.8,107.7,9.61,97.8,,0.3,2.02,0.41,-0.02,0.01,3.935,4
06/20/24,9:04:35,Buoy,PRODSS,,21.8,1024.8,108.5,9.52,98,,0.31,1.72,0.33,0,0.02,2.95,3
06/20/24,9:04:04,Buoy,PRODSS,,22.5,1024.7,109,9.43,98,,0.29,1.49,0.28,-0.02,0.01,1.856,2
06/20/24,9:03:25,Buoy,PRODSS,,23.3,1024.8,109,9.3,98.2,,0.29,1.36,0.25,-0.02,0,0.71,1
06/20/24,9:02:59,Buoy,PRODSS,,23.5,1024.8,109.2,9.28,98.2,,0.32,1.25,0.22,-0.02,0,0.347,0.5
06/20/24,9:02:27,Buoy,PRODSS,,23.5,1024.8,108.7,9.23,98.2,,0.32,1.11,0.19,-0.01,0.01,0.219,0.1
06/21/24,9:14:26,Buoy,PRODSS,,8.6,1023.8,92.9,10.85,97.5,,0.85,3.02,0.64,0.07,0.08,11.892,12
06/21/24,9:14:08,Buoy,PRODSS,,8.8,1023.9,93.9,10.9,97.4,,0.8,3.27,0.7,0.05,0.07,10.885,11
06/21/24,9:13:51,Buoy,PRODSS,,8.9,1023.9,94.8,10.97,97.3,,0.82,3.03,0.64,0.07,0.08,9.892,10
06/21/24,9:13:10,Buoy,PRODSS,,11.3,1023.8,99.9,10.94,96.8,,0.75,2.6,0.54,0.02,0.04,8.92,9
06/21/24,9:12:48,Buoy,PRODSS,,12.8,1023.8,103.7,10.97,96.6,,0.76,3.2,0.68,0.05,0.07,7.907,8
06/21/24,9:11:52,Buoy,PRODSS,,15.6,1023.7,107.5,10.71,96.8,,0.73,2.89,0.61,0.05,0.07,6.914,7
06/21/24,9:10:52,Buoy,PRODSS,,16.5,1023.6,106,10.34,96.9,,0.71,3.23,0.69,0.01,0.03,5.917,6
06/21/24,9:10:15,Buoy,PRODSS,,18.7,1023.6,106.7,9.95,97.4,,0.63,2.43,0.5,0,0.02,4.916,5
06/21/24,9:09:40,Buoy,PRODSS,,20.4,1023.6,107.9,9.73,97.8,,0.59,2.25,0.46,0.01,0.02,3.952,4
06/21/24,9:09:15,Buoy,PRODSS,,22.2,1023.6,109.5,9.53,98,,0.59,2.04,0.41,-0.01,0.01,2.973,3
06/21/24,9:08:45,Buoy,PRODSS,,23.6,1023.5,109.7,9.31,97.7,,0.58,1.58,0.3,-0.02,0,1.904,2
06/21/24,9:08:18,Buoy,PRODSS,,23.6,1023.4,109.8,9.31,97.7,,0.57,1.32,0.24,-0.01,0.01,0.607,1
06/21/24,9:07:57,Buoy,PRODSS,,23.7,1023.5,109.8,9.29,97.8,,0.59,1.1,0.19,0,0.02,0.287,0.5
06/21/24,9:07:38,Buoy,PRODSS,,23.7,1023.5,108.5,9.18,97.7,,0.68,0.93,0.15,-0.01,0.01,0.218,0.1
06/24/24,11:12:06,Buoy,PRODSS,,7.9,1001,89.8,10.67,97.7,,0.67,2.8,0.59,0.08,0.1,12.466,12.5
06/24/24,11:11:08,Buoy,PRODSS,,8.1,1000.9,90.6,10.7,97.8,,0.64,2.8,0.59,0.08,0.09,11.852,12
06/24/24,11:10:41,Buoy,PRODSS,,8.7,1000.9,92.2,10.75,97.5,,0.62,2.37,0.49,0.05,0.07,10.893,11
06/24/24,11:10:17,Buoy,PRODSS,,8.9,1001,94,10.9,97.8,,0.59,2.27,0.47,0.03,0.05,9.946,10
06/24/24,11:09:53,Buoy,PRODSS,,10.6,1000.9,98.3,10.94,97.5,,0.56,1.98,0.4,0.01,0.03,8.834,9
06/24/24,11:09:33,Buoy,PRODSS,,13.5,1000.9,101.9,10.61,97,,0.58,2.23,0.46,0.02,0.04,7.888,8
06/24/24,11:08:59,Buoy,PRODSS,,14.8,1000.9,103.4,10.47,97.2,,0.57,2.7,0.57,0.02,0.04,6.961,7
06/24/24,11:08:29,Buoy,PRODSS,,17.3,1000.8,102.6,9.86,98.1,,0.55,2.73,0.57,0.02,0.04,5.952,6
06/24/24,11:08:12,Buoy,PRODSS,,19.9,1000.9,104.3,9.5,98.7,,0.47,2.47,0.51,0.02,0.04,4.961,5
06/24/24,11:07:51,Buoy,PRODSS,,22.1,1000.9,105.8,9.24,97.3,,0.48,1.84,0.36,0.01,0.03,3.964,4
06/24/24,11:07:26,Buoy,PRODSS,,22.1,1000.9,106,9.25,97.3,,0.46,1.88,0.37,-0.01,0.01,2.857,3
06/24/24,11:06:53,Buoy,PRODSS,,22.1,1001,106.1,9.25,97.3,,0.46,1.76,0.34,0,0.02,1.832,2
06/24/24,11:06:07,Buoy,PRODSS,,22.1,1000.9,106.1,9.26,97.3,,0.48,1.43,0.27,0,0.02,0.618,1
06/24/24,11:05:47,Buoy,PRODSS,,22.1,1001,106.6,9.31,97.3,,0.49,1.44,0.27,-0.01,0.01,0.308,0.5
06/24/24,11:02:18,Buoy,PRODSS,,22.1,1001,105.7,9.23,97.1,,0.49,1.27,0.23,0.02,0.04,0.22,0.1
06/25/24,12:00:18,Buoy,PRODSS,,8.2,1011,89.4,10.54,97.7,,0.63,2.72,0.57,0.09,0.1,12.149,12.5
06/25/24,11:58:17,Buoy,PRODSS,,8.2,1011.1,90.2,10.62,97.7,,0.65,2.47,0.51,0.07,0.08,11.761,12
06/25/24,11:57:38,Buoy,PRODSS,,8.6,1011.1,91.4,10.66,97.6,,0.66,2.49,0.52,0.07,0.09,10.861,11
06/25/24,11:56:49,Buoy,PRODSS,,9.4,1011,93.9,10.75,97.3,,0.63,2.35,0.48,0.04,0.06,9.949,10
06/25/24,11:55:49,Buoy,PRODSS,,10.6,1011.1,97.8,10.89,97,,0.6,2.1,0.43,0.04,0.06,8.924,9
06/25/24,11:54:59,Buoy,PRODSS,,11.8,1011.1,101.2,10.96,96.6,,0.67,2.74,0.58,0.04,0.06,7.953,8
06/25/24,11:53:54,Buoy,PRODSS,,13.3,1011.2,103.1,10.79,96.6,,0.64,3.12,0.67,0.05,0.06,6.985,7
06/25/24,11:52:46,Buoy,PRODSS,,17,1011.2,104.8,10.13,97.4,,0.58,3.15,0.67,0.02,0.03,5.963,6
06/25/24,11:51:56,Buoy,PRODSS,,21.2,1011.2,105,9.31,97,,0.52,2.13,0.43,0,0.02,4.943,5
06/25/24,11:51:11,Buoy,PRODSS,,21.3,1011.2,105.2,9.31,97.2,,0.5,1.89,0.38,-0.01,0.01,3.974,4
06/25/24,11:50:42,Buoy,PRODSS,,21.4,1011.2,105.3,9.31,97.3,,0.48,1.52,0.29,-0.01,0.01,2.959,3
06/25/24,11:50:02,Buoy,PRODSS,,21.5,1011.1,105.6,9.32,97.3,,0.46,1.35,0.25,0.01,0.03,1.883,2
06/25/24,11:49:04,Buoy,PRODSS,,22,1011.3,106.5,9.31,97.4,,0.48,1.08,0.19,0.01,0.03,0.708,1
06/25/24,11:48:38,Buoy,PRODSS,,22.3,1011.4,107,9.31,97.5,,0.47,0.93,0.15,0.01,0.03,0.395,0.5
06/25/24,11:48:01,Buoy,PRODSS,,22.4,1011.3,107,9.29,97.4,,0.43,0.96,0.16,0,0.02,0.224,0.1
06/26/24,13:43:07,Buoy,PRODSS,,8.4,1005.9,90,10.54,97.6,,0.83,2.44,0.51,0.08,0.09,12.199,12.5
06/26/24,13:41:54,Buoy,PRODSS,,8.5,1005.9,90.5,10.6,97.6,,0.65,2.44,0.5,0.06,0.08,11.902,12
06/26/24,13:40:56,Buoy,PRODSS,,8.8,1005.9,92.2,10.72,97.5,,0.64,2.18,0.44,0.03,0.05,10.871,11
06/26/24,13:40:25,Buoy,PRODSS,,9.8,1006.1,95.1,10.78,97.3,,0.59,2.15,0.44,0.02,0.04,9.878,10
06/26/24,13:39:53,Buoy,PRODSS,,11.1,1005.9,98.8,10.86,96.8,,0.61,2.27,0.47,0.04,0.06,8.938,9
06/26/24,13:39:25,Buoy,PRODSS,,11.9,1006,100.4,10.85,96.7,,0.6,2.82,0.59,0.02,0.03,7.932,8
06/26/24,13:38:56,Buoy,PRODSS,,14.8,1005.9,104.1,10.54,96.8,,0.62,3.29,0.71,0.01,0.03,6.903,7
06/26/24,13:38:13,Buoy,PRODSS,,17.9,1005.9,103.9,9.85,97.4,,0.55,3.4,0.73,0.01,0.03,5.909,6
06/26/24,13:37:50,Buoy,PRODSS,,20.6,1005.9,104.8,9.41,97.1,,0.49,2.82,0.59,0.02,0.04,4.88,5
06/26/24,13:37:26,Buoy,PRODSS,,21.8,1005.8,106.6,9.35,97.2,,0.51,2.18,0.44,0.01,0.03,3.922,4
06/26/24,13:37:02,Buoy,PRODSS,,22,1005.9,107.1,9.37,97.2,,0.49,1.78,0.35,0.01,0.03,2.948,3
06/26/24,13:36:45,Buoy,PRODSS,,22,1005.9,107.2,9.36,97.2,,0.5,1.89,0.38,0.01,0.03,1.914,2
06/26/24,13:36:23,Buoy,PRODSS,,22.2,1005.8,107.4,9.35,97.3,,0.46,1.41,0.26,0,0.02,0.528,1
06/26/24,13:36:11,Buoy,PRODSS,,22.3,1005.8,107.3,9.34,97.2,,0.5,1.31,0.24,0.02,0.04,0.35,0.5
06/26/24,13:35:49,Buoy,PRODSS,,22.3,1005.9,106.8,9.29,97.2,,0.5,1.14,0.2,0.03,0.05,0.224,0.1
06/27/24,8:20:48,Buoy,PRODSS,,8.8,1006.3,91.1,10.58,97.5,,0.68,2.57,0.54,0.08,0.09,12.25,12.5
06/27/24,8:19:28,Buoy,PRODSS,,8.8,1006.4,92.2,10.69,97.4,,0.66,2.35,0.48,0.07,0.08,11.924,12
06/27/24,8:19:10,Buoy,PRODSS,,9,1006.2,93,10.76,97.4,,0.62,2.35,0.48,0.04,0.06,10.881,11
06/27/24,8:18:37,Buoy,PRODSS,,9.3,1006.3,94.5,10.84,97.4,,0.62,2.44,0.5,0.05,0.07,9.881,10
06/27/24,8:18:11,Buoy,PRODSS,,10.3,1006.2,96.2,10.78,97.1,,0.61,2.51,0.52,0.04,0.06,8.844,9
06/27/24,8:17:21,Buoy,PRODSS,,12.4,1006.3,100.1,10.67,96.7,,0.62,3.23,0.69,0.01,0.03,7.877,8
06/27/24,8:16:57,Buoy,PRODSS,,14.2,1006.3,101.7,10.44,97,,0.61,3.04,0.65,0.02,0.04,6.821,7
06/27/24,8:16:29,Buoy,PRODSS,,19,1006.3,103.7,9.61,98,,0.57,3.42,0.74,0.01,0.03,5.876,6
06/27/24,8:16:07,Buoy,PRODSS,,21.7,1006.2,105.4,9.28,97.4,,0.51,2.73,0.57,0.03,0.05,4.87,5
06/27/24,8:15:09,Buoy,PRODSS,,22,1006.3,105.7,9.24,97.3,,0.48,2.02,0.41,0.02,0.04,3.875,4
06/27/24,8:14:33,Buoy,PRODSS,,22,1006.3,105.8,9.25,97.3,,0.45,1.89,0.37,-0.01,0.01,2.908,3
06/27/24,8:13:50,Buoy,PRODSS,,22,1006.3,105.7,9.24,97.3,,0.46,1.47,0.28,0,0.02,1.914,2
06/27/24,8:13:00,Buoy,PRODSS,,22,1006.4,105.7,9.24,97.3,,0.48,1.29,0.23,0.02,0.04,0.59,1
06/27/24,8:12:38,Buoy,PRODSS,,22,1006.4,105.7,9.24,97.3,,0.48,1.5,0.28,0.03,0.05,0.251,0.5
06/27/24,8:12:27,Buoy,PRODSS,,21.9,1006.5,105.7,9.25,97.2,,0.5,1.35,0.25,0.04,0.06,0.206,0.1
06/28/24,9:39:24,Buoy,PRODSS,,7.7,1020.5,85.7,10.22,97.9,,0.64,2.37,0.49,0.07,0.08,12.315,12.5
06/28/24,9:38:39,Buoy,PRODSS,,8.1,1020.5,87.9,10.38,97.9,,0.62,2.29,0.47,0.04,0.06,11.872,12
06/28/24,9:38:01,Buoy,PRODSS,,8.7,1020.6,90.1,10.48,97.5,,0.63,2.41,0.5,0.06,0.08,10.878,11
06/28/24,9:37:19,Buoy,PRODSS,,9.1,1020.7,91.8,10.6,97.4,,0.63,2.29,0.47,0.01,0.03,9.848,10
06/28/24,9:36:50,Buoy,PRODSS,,9.9,1020.4,94.8,10.73,97.2,,0.6,2.33,0.48,0.01,0.03,8.978,9
06/28/24,9:36:22,Buoy,PRODSS,,11.9,1020.6,98.8,10.66,96.7,,0.63,3.06,0.65,0.05,0.07,7.851,8
06/28/24,9:35:54,Buoy,PRODSS,,14.6,1020.8,102,10.37,96.7,,0.6,3.66,0.79,0.02,0.04,6.892,7
06/28/24,9:35:24,Buoy,PRODSS,,17.5,1020.7,101.9,9.75,98.1,,0.56,3.13,0.67,0.02,0.04,5.887,6
06/28/24,9:35:07,Buoy,PRODSS,,20.8,1020.5,104.3,9.33,97.4,,0.53,2.39,0.49,0.02,0.04,4.918,5
06/28/24,9:34:48,Buoy,PRODSS,,21,1020.3,104.6,9.33,97.3,,0.47,2.03,0.41,0.01,0.03,3.921,4
06/28/24,9:34:14,Buoy,PRODSS,,21,1020.5,104.6,9.33,97.3,,0.47,1.81,0.36,-0.03,-0.01,2.898,3
06/28/24,9:33:01,Buoy,PRODSS,,21,1020.6,104.6,9.32,97.3,,0.51,1.68,0.33,-0.01,0.01,1.865,2
06/28/24,9:32:10,Buoy,PRODSS,,21,1020.6,104.7,9.33,97.3,,0.53,1.48,0.28,-0.01,0.01,0.609,1
06/28/24,9:31:52,Buoy,PRODSS,,21,1020.6,104.5,9.32,97.3,,0.5,1.34,0.24,-0.01,0.01,0.397,0.5
06/28/24,9:31:11,Buoy,PRODSS,,20.9,1020.6,104.6,9.34,94.5,,3.78,1.69,0.33,0.06,0.08,0.209,0.1
07/01/24,10:40:43,Buoy,PRODSS,,8.5,1017.7,88.4,10.34,97.7,,0.66,2.08,0.42,0.07,0.09,11.884,12
07/01/24,10:40:02,Buoy,PRODSS,,9.3,1017.7,90.8,10.43,97.4,,0.66,2.12,0.43,0.05,0.06,10.853,11
07/01/24,10:39:14,Buoy,PRODSS,,9.7,1017.7,92.3,10.49,97.2,,0.65,2.02,0.41,0.07,0.09,9.852,10
07/01/24,10:38:23,Buoy,PRODSS,,10.4,1017.8,94.1,10.52,97.2,,0.6,1.99,0.4,0.02,0.04,8.902,9
07/01/24,10:37:40,Buoy,PRODSS,,13.4,1017.6,100.7,10.51,97,,0.63,3.09,0.66,0.04,0.06,7.86,8
07/01/24,10:36:58,Buoy,PRODSS,,16,1017.7,103.4,10.21,96.9,,0.61,3.81,0.83,0.05,0.07,6.917,7
07/01/24,10:36:02,Buoy,PRODSS,,20.8,1017.6,105,9.4,97.3,,0.53,2.82,0.59,0,0.02,5.959,6
07/01/24,10:35:21,Buoy,PRODSS,,20.9,1017.7,105.2,9.4,97.3,,0.49,2.51,0.52,0.01,0.03,4.852,5
07/01/24,10:35:02,Buoy,PRODSS,,20.9,1017.6,105.2,9.4,97.3,,0.54,2.4,0.5,0.01,0.03,3.891,4
07/01/24,10:34:35,Buoy,PRODSS,,20.9,1017.6,105.4,9.41,97.3,,0.52,2.21,0.45,0.01,0.03,2.901,3
07/01/24,10:34:10,Buoy,PRODSS,,20.9,1017.4,105.3,9.41,97.3,,0.52,1.84,0.36,0.01,0.03,1.88,2
07/01/24,10:33:50,Buoy,PRODSS,,20.9,1017.5,105.3,9.41,97.3,,0.51,1.73,0.34,0.01,0.03,0.806,1
07/01/24,10:33:15,Buoy,PRODSS,,20.9,1017.6,105.2,9.4,97.3,,0.51,1.71,0.33,0,0.02,0.365,0.5
07/01/24,10:32:39,Buoy,PRODSS,,20.9,1017.5,104.9,9.38,97.2,,0.53,1.39,0.26,0.01,0.03,0.219,0.1
07/02/24,14:12:17,Buoy,PRODSS,,9,1024.3,87.8,10.13,97.6,,0.64,2.09,0.42,0.06,0.08,11.978,12.5
07/02/24,14:11:16,Buoy,PRODSS,,9.1,1024.4,88.9,10.26,97.6,,0.62,2.06,0.42,0.04,0.05,11.868,12
07/02/24,14:10:32,Buoy,PRODSS,,9.3,1024.5,90.4,10.37,97.5,,0.63,2.09,0.42,0.05,0.07,10.909,11
07/02/24,14:09:55,Buoy,PRODSS,,10.6,1024.4,94.1,10.48,97.2,,0.65,2.42,0.5,0.05,0.07,9.882,10
07/02/24,14:09:31,Buoy,PRODSS,,11.3,1024.5,96.4,10.54,97,,0.63,2.98,0.63,0.04,0.06,8.888,9
07/02/24,14:08:57,Buoy,PRODSS,,12.8,1024.5,98.8,10.44,96.8,,0.66,3.11,0.66,0.03,0.05,7.891,8
07/02/24,14:08:16,Buoy,PRODSS,,15.6,1024.4,101.3,10.08,96.9,,0.59,3.37,0.72,0.03,0.05,6.906,7
07/02/24,14:06:31,Buoy,PRODSS,,20.5,1024.3,106,9.55,97.5,,0.52,3.2,0.68,-0.01,0.01,5.96,6
07/02/24,14:05:48,Buoy,PRODSS,,20.8,1024,107.2,9.59,97.3,,0.52,2.72,0.57,0,0.02,4.941,5
07/02/24,14:05:24,Buoy,PRODSS,,20.9,1023.9,107.5,9.6,97.4,,0.48,2.16,0.44,0,0.02,3.908,4
07/02/24,14:04:15,Buoy,PRODSS,,21,1024.1,107.4,9.58,97.4,,0.5,1.9,0.38,0,0.02,2.905,3
07/02/24,14:03:17,Buoy,PRODSS,,21.2,1024.3,108.2,9.61,97.5,,0.47,1.53,0.29,-0.01,0.01,1.91,2
07/02/24,14:02:46,Buoy,PRODSS,,21.6,1024.5,108.9,9.59,97.5,,0.47,0.99,0.16,-0.01,0.01,0.751,1
07/02/24,14:02:18,Buoy,PRODSS,,22.5,1024.3,110.2,9.53,97.7,,0.44,0.92,0.15,-0.01,0.01,0.34,0.5
07/02/24,14:01:52,Buoy,PRODSS,,22.8,1024,110.2,9.49,96.2,,1.22,0.77,0.11,0.17,0.18,0.228,0.1
07/03/24,9:18:29,Buoy,PRODSS,,8.9,1023.6,88.1,10.21,97.7,,0.64,2.2,0.45,0.04,0.05,11.914,12
07/03/24,9:17:47,Buoy,PRODSS,,9.3,1023.5,89.1,10.23,97.7,,0.62,2.06,0.42,0.05,0.07,10.91,11
07/03/24,9:17:20,Buoy,PRODSS,,9.7,1023.7,91.2,10.35,97.6,,0.62,2.24,0.46,0.05,0.06,9.923,10
07/03/24,9:16:41,Buoy,PRODSS,,11.1,1023.6,95,10.46,97.3,,0.68,2.69,0.56,0.02,0.04,8.913,9
07/03/24,9:16:05,Buoy,PRODSS,,13,1023.6,98.2,10.35,96.9,,0.59,3.14,0.67,0.01,0.03,7.89,8
07/03/24,9:15:31,Buoy,PRODSS,,16.2,1023.5,102.7,10.09,97.5,,0.6,3.6,0.78,0.03,0.04,6.915,7
07/03/24,9:14:37,Buoy,PRODSS,,19.7,1023.4,103.7,9.5,97.5,,0.58,3.23,0.69,0.01,0.03,6.016,6
07/03/24,9:13:45,Buoy,PRODSS,,20.8,1023.3,106.6,9.54,97.6,,0.51,2.91,0.62,0.01,0.03,4.957,5
07/03/24,9:12:57,Buoy,PRODSS,,21,1023.4,106.9,9.54,97.5,,0.48,2.75,0.58,0.01,0.03,3.948,4
07/03/24,9:12:22,Buoy,PRODSS,,21.1,1023.4,107,9.52,97.6,,0.5,2.41,0.5,0.01,0.02,2.936,3
07/03/24,9:11:45,Buoy,PRODSS,,21.6,1023.4,107.9,9.5,97.6,,0.48,1.49,0.28,0,0.02,1.882,2
07/03/24,9:11:08,Buoy,PRODSS,,22,1023.3,108.4,9.48,97.9,,0.44,0.89,0.14,-0.02,0,0.897,1
07/03/24,9:10:24,Buoy,PRODSS,,22.1,1023.3,108.7,9.48,97.9,,0.47,0.83,0.12,-0.01,0.01,0.349,0.5
07/03/24,9:09:56,Buoy,PRODSS,,22.4,1023.3,109.1,9.46,95.6,,5.86,0.71,0.1,0.01,0.03,0.221,0.1
07/10/24,9:33:56,Buoy,PRODSS,,9.3,1013.5,87.2,10,97.7,,0.8,2.87,0.61,0.09,0.1,11.886,12
07/10/24,9:33:23,Buoy,PRODSS,,9.5,1013.4,87.9,10.05,97.8,,0.68,3.36,0.72,0.11,0.12,10.869,11
07/10/24,9:32:27,Buoy,PRODSS,,10.4,1013.6,91.2,10.19,97.2,,0.79,10.96,2.52,0.17,0.18,9.821,10
07/10/24,9:35:06,Buoy,PRODSS,,10.3,1013.6,90,10.07,97.3,,0.8,13.29,3.06,0.21,0.22,9.849,10
07/10/24,9:35:18,Buoy,PRODSS,,10.3,1013.5,90.4,10.12,97.2,,0.82,10.43,2.39,0.23,0.24,9.862,10
07/10/24,9:35:29,Buoy,PRODSS,,10.3,1013.5,90.6,10.14,97.2,,0.84,11.57,2.66,0.21,0.22,9.889,10
07/10/24,9:28:40,Buoy,PRODSS,,11.6,1013.6,96,10.44,96.8,,0.7,6.08,1.36,0.12,0.13,8.838,9
07/10/24,9:35:54,Buoy,PRODSS,,11.2,1013.6,93.6,10.26,96.5,,0.69,7.78,1.77,0.15,0.16,8.876,9
07/10/24,9:36:04,Buoy,PRODSS,,11.3,1013.6,93.9,10.28,96.5,,0.7,6.78,1.53,0.12,0.14,8.883,9
07/10/24,9:36:15,Buoy,PRODSS,,11.4,1013.6,94.3,10.32,96.5,,0.72,6.22,1.4,0.13,0.14,8.885,9
07/10/24,9:36:24,Buoy,PRODSS,,11.4,1013.6,94.4,10.31,96.7,,0.72,5.76,1.29,0.14,0.15,8.891,9
07/10/24,9:26:22,Buoy,PRODSS,,12.9,1013.6,99.6,10.52,97.1,,0.72,6.62,1.49,0.09,0.1,7.949,8
07/10/24,9:37:12,Buoy,PRODSS,,12.8,1013.6,98.4,10.42,96.8,,0.77,7.08,1.6,0.14,0.15,7.875,8
07/10/24,9:37:24,Buoy,PRODSS,,12.7,1013.6,98.7,10.46,96.8,,0.71,6.9,1.56,0.13,0.14,7.854,8
07/10/24,9:37:35,Buoy,PRODSS,,12.8,1013.6,99,10.48,96.7,,0.73,5.3,1.18,0.13,0.14,7.879,8
07/10/24,9:37:46,Buoy,PRODSS,,12.8,1013.5,99,10.49,96.7,,0.74,7.4,1.67,0.12,0.13,7.875,8
07/10/24,9:24:52,Buoy,PRODSS,,15.4,1013.5,105,10.5,96.9,,0.61,5.48,1.22,0.05,0.07,6.897,7
07/10/24,9:23:05,Buoy,PRODSS,,20.2,1013.4,107.2,9.7,99.4,,0.55,3.68,0.8,0.02,0.04,5.885,6
07/10/24,9:22:24,Buoy,PRODSS,,23.9,1013.4,111.4,9.39,98.6,,0.47,2.19,0.45,0.01,0.03,4.866,5
07/10/24,9:21:56,Buoy,PRODSS,,25.5,1013.4,111.3,9.11,98.6,,0.42,1.58,0.3,-0.01,0.01,3.954,4
07/10/24,9:21:18,Buoy,PRODSS,,25.6,1013.3,111.4,9.1,98.8,,0.38,1.23,0.22,-0.01,0.01,2.927,3
07/10/24,9:20:32,Buoy,PRODSS,,25.8,1013.3,111.7,9.1,98.7,,0.41,1.27,0.23,0,0.02,1.868,2
07/10/24,9:19:42,Buoy,PRODSS,,25.9,1013.2,111.9,9.09,98.7,,0.38,1.18,0.21,-0.01,0.01,0.88,1
07/10/24,9:18:46,Buoy,PRODSS,,26,1013.3,111.9,9.08,98.7,,0.39,1.02,0.17,-0.02,0,0.391,0.5
07/10/24,9:18:10,Buoy,PRODSS,,26.1,1013.3,111.9,9.07,98.6,,0.4,0.91,0.14,-0.02,0.01,0.223,0.1
07/11/24,10:58:34,Buoy,PRODSS,,10,1011.4,89.8,10.14,97.5,,0.64,4.5,0.99,0.07,0.09,11.868,12
07/11/24,10:58:12,Buoy,PRODSS,,10.8,1011.4,92.4,10.24,97.2,,0.68,6.08,1.36,0.07,0.09,10.922,11
07/11/24,10:57:47,Buoy,PRODSS,,11.7,1011.5,95.4,10.35,96.9,,0.67,7.65,1.73,0.08,0.1,9.897,10
07/11/24,10:57:29,Buoy,PRODSS,,11.9,1011.4,96.6,10.42,97.1,,0.7,7.22,1.63,0.1,0.11,8.837,9
07/11/24,10:57:02,Buoy,PRODSS,,13.6,1011.3,100,10.39,97.3,,0.64,9.81,2.24,0.06,0.08,7.903,8
07/11/24,10:56:35,Buoy,PRODSS,,19,1011.3,107.2,9.94,98,,0.54,3.78,0.82,0.01,0.03,6.866,7
07/11/24,10:56:18,Buoy,PRODSS,,21.1,1011.2,108.1,9.62,98.1,,0.52,3.25,0.7,0,0.02,5.901,6
07/11/24,10:55:49,Buoy,PRODSS,,24.2,1011.2,109.7,9.19,98.7,,0.47,1.99,0.4,0,0.02,4.917,5
07/11/24,10:55:18,Buoy,PRODSS,,25.4,1011.3,109.8,9,98.6,,0.4,1.52,0.29,-0.02,0,3.935,4
07/11/24,10:54:46,Buoy,PRODSS,,25.5,1011.3,109.9,9,98.6,,0.4,1.33,0.24,-0.01,0.01,2.865,3
07/11/24,10:54:23,Buoy,PRODSS,,25.5,1011.2,109.8,8.99,98.7,,0.42,1.13,0.2,0,0.02,1.868,2
07/11/24,10:54:06,Buoy,PRODSS,,25.6,1011.1,110.3,9.01,98.7,,0.41,1.13,0.2,0,0.02,0.649,1
07/11/24,10:53:40,Buoy,PRODSS,,25.5,1011.3,110.1,9.02,98.6,,0.4,0.93,0.15,0.03,0.05,0.277,0.5
07/11/24,10:53:25,Buoy,PRODSS,,25.5,1011.4,110.2,9.03,97.4,,0.41,0.89,0.14,0.03,0.05,0.218,0.1
07/11/24,10:53:11,Buoy,PRODSS,,25.4,1011.3,109.8,9.01,82.6,,0.39,1,0.16,0,0.02,0.219,
07/12/24,11:31:13,Buoy,PRODSS,,9.4,1021.5,86.6,9.91,97.7,,0.65,2.65,0.55,0.09,0.1,11.948,12
07/12/24,11:30:47,Buoy,PRODSS,,9.7,1021.6,87.6,9.96,97.6,,0.66,3.22,0.69,0.08,0.1,10.876,11
07/12/24,11:29:20,Buoy,PRODSS,,10.8,1021.6,92.4,10.23,97.3,,0.71,7.27,1.64,0.12,0.13,9.9,10
07/12/24,11:29:30,Buoy,PRODSS,,10.8,1021.5,92,10.18,97.3,,0.7,6.79,1.53,0.15,0.16,9.89,10
07/12/24,11:29:39,Buoy,PRODSS,,10.8,1021.5,91.7,10.15,97.3,,0.72,9.72,2.22,0.13,0.15,9.873,10
07/12/24,11:28:21,Buoy,PRODSS,,11.7,1021.5,96.4,10.45,97,,0.71,8.08,1.84,0.15,0.17,8.914,9
07/12/24,11:28:31,Buoy,PRODSS,,11.7,1021.7,96.4,10.46,97,,0.74,8.24,1.87,0.15,0.16,8.915,9
07/12/24,11:28:45,Buoy,PRODSS,,11.7,1021.6,96.3,10.45,97,,0.74,8.5,1.93,0.13,0.14,8.931,9
07/12/24,11:27:07,Buoy,PRODSS,,12.6,1021.7,99.3,10.55,96.9,,0.72,8.08,1.84,0.13,0.14,7.931,8
07/12/24,11:27:22,Buoy,PRODSS,,12.6,1021.6,99,10.52,97,,0.7,9.03,2.06,0.12,0.13,7.948,8
07/12/24,11:27:35,Buoy,PRODSS,,12.5,1021.7,98.7,10.5,96.9,,0.72,8.6,1.96,0.13,0.14,7.96,8
07/12/24,11:26:12,Buoy,PRODSS,,16.4,1021.8,106.9,10.46,97.2,,0.59,4.76,1.05,0.03,0.05,6.999,7
07/12/24,11:25:21,Buoy,PRODSS,,20.3,1021.5,109.7,9.91,97.9,,0.52,3.41,0.73,0.03,0.05,5.927,6
07/12/24,11:24:17,Buoy,PRODSS,,24.5,1021.6,110.1,9.18,98.6,,0.42,2.06,0.41,0,0.02,4.924,5
07/12/24,11:23:29,Buoy,PRODSS,,25.5,1021.4,108.6,8.89,98.9,,0.41,1.52,0.29,-0.04,-0.01,3.957,4
07/12/24,11:22:58,Buoy,PRODSS,,25.8,1021.4,108.9,8.87,98.9,,0.37,1.39,0.26,-0.02,0,2.914,3
07/12/24,11:22:26,Buoy,PRODSS,,25.9,1021.3,109.4,8.9,99,,0.38,1.31,0.24,-0.01,0.01,1.919,2
07/12/24,11:21:10,Buoy,PRODSS,,25.9,1021.4,109.6,8.9,99,,0.41,1.16,0.2,-0.02,0,0.91,1
07/12/24,11:20:32,Buoy,PRODSS,,25.9,1021.3,109.5,8.89,99,,0.38,1.04,0.17,-0.01,0.01,0.347,0.5
07/12/24,11:20:10,Buoy,PRODSS,,25.9,1021.2,109.5,8.89,99,,0.37,0.83,0.12,-0.02,0,0.226,0.1
07/15/24,9:13:01,Buoy,PRODSS,,8.9,1012.6,83.4,9.66,97.8,,1.18,2.64,0.55,0.1,0.11,12.547,12.5
07/15/24,9:11:55,Buoy,PRODSS,,9.3,1012.6,84.3,9.68,97.8,,0.67,2.55,0.53,0.1,0.12,11.884,12
07/15/24,9:09:40,Buoy,PRODSS,,10,1012.6,88.5,9.99,97.5,,0.81,24.44,5.69,0.26,0.27,10.879,11
07/15/24,9:09:50,Buoy,PRODSS,,9.9,1012.5,88.1,9.96,97.6,,0.84,30.94,7.23,0.29,0.29,10.897,11
07/15/24,9:09:58,Buoy,PRODSS,,9.9,1012.5,88,9.95,97.6,,0.8,16.06,3.72,0.31,0.31,10.906,11
07/15/24,9:10:05,Buoy,PRODSS,,10,1012.5,87.9,9.93,97.5,,0.77,9.21,2.1,0.28,0.28,10.916,11
07/15/24,9:08:11,Buoy,PRODSS,,10.7,1012.5,93.7,10.4,97.2,,0.79,16.09,3.73,0.2,0.21,9.823,10
07/15/24,9:08:17,Buoy,PRODSS,,10.7,1012.6,93.5,10.38,97.2,,0.8,13.31,3.07,0.22,0.22,9.81,10
07/15/24,9:08:23,Buoy,PRODSS,,10.7,1012.6,93.4,10.37,97.2,,0.79,14.35,3.31,0.22,0.23,9.808,10
07/15/24,9:08:33,Buoy,PRODSS,,10.7,1012.6,93.3,10.36,97.2,,0.78,14.47,3.34,0.22,0.23,9.807,10
07/15/24,9:06:52,Buoy,PRODSS,,11.6,1012.4,95.9,10.43,97,,0.73,8.42,1.92,0.13,0.14,8.911,9
07/15/24,9:06:59,Buoy,PRODSS,,11.6,1012.3,95.8,10.42,96.9,,0.73,17.58,4.08,0.12,0.14,8.913,9
07/15/24,9:07:11,Buoy,PRODSS,,11.6,1012.6,95.6,10.4,97,,0.72,13.54,3.12,0.16,0.17,8.914,9
07/15/24,9:07:19,Buoy,PRODSS,,11.6,1012.5,95.6,10.4,96.9,,0.71,7.94,1.8,0.16,0.17,8.92,9
07/15/24,9:05:36,Buoy,PRODSS,,14.2,1012.3,103.5,10.61,97,,0.64,4.68,1.03,0.06,0.07,7.915,8
07/15/24,9:04:03,Buoy,PRODSS,,17,1012.4,108.2,10.45,97.4,,0.57,3.41,0.73,0.02,0.04,6.901,7
07/15/24,9:03:02,Buoy,PRODSS,,20.9,1012.3,111.2,9.93,98,,0.5,2.75,0.58,0.01,0.02,5.911,6
07/15/24,9:02:28,Buoy,PRODSS,,23.7,1012.2,112.4,9.51,98.4,,0.47,1.83,0.36,-0.01,0.01,4.957,5
07/15/24,9:01:40,Buoy,PRODSS,,25.7,1012.2,109.3,8.91,99,,0.4,1.35,0.25,-0.01,0.01,3.929,4
07/15/24,9:00:59,Buoy,PRODSS,,26.3,1012.2,108.5,8.76,99.3,,0.36,1.11,0.19,-0.03,-0.01,2.836,3
07/15/24,9:00:23,Buoy,PRODSS,,26.3,1012.1,108.9,8.78,99.3,,0.39,0.93,0.15,-0.03,0,1.898,2
07/15/24,8:59:41,Buoy,PRODSS,,26.4,1012.1,109,8.78,99.3,,0.36,0.95,0.15,0,0.02,0.894,1
07/15/24,8:58:54,Buoy,PRODSS,,26.4,1012.3,109.1,8.78,99.3,,0.36,0.86,0.13,-0.02,0,0.379,0.5
07/15/24,8:58:26,Buoy,PRODSS,,26.4,1012.2,109,8.77,99.3,,0.34,0.71,0.1,0,0.02,0.223,0.1
07/16/24,9:18:27,Buoy,PRODSS,,9,1009.5,84.2,9.72,98,,0.83,3.15,0.67,0.09,0.11,12.612,12.5
07/16/24,9:17:33,Buoy,PRODSS,,9.4,1009.4,85.8,9.82,97.7,,0.77,3.32,0.71,0.08,0.09,11.886,12
07/16/24,9:17:38,Buoy,PRODSS,,9.4,1009.5,85.7,9.81,97.7,,0.75,3.15,0.67,0.08,0.09,11.891,12
07/16/24,9:17:52,Buoy,PRODSS,,9.4,1009.4,85.4,9.78,97.7,,0.79,3.07,0.65,0.1,0.11,11.897,12
07/16/24,9:17:58,Buoy,PRODSS,,9.4,1009.3,85.4,9.78,97.7,,0.75,3.21,0.69,0.1,0.11,11.901,12
07/16/24,9:16:47,Buoy,PRODSS,,9.6,1009.4,88.1,10.04,97.8,,0.83,4.03,0.88,0.13,0.14,10.873,11
07/16/24,9:16:53,Buoy,PRODSS,,9.5,1009.3,87.6,9.99,97.7,,0.78,4.59,1.01,0.12,0.13,10.875,11
07/16/24,9:17:02,Buoy,PRODSS,,9.6,1009.4,87.2,9.95,97.7,,0.78,6.81,1.54,0.12,0.13,10.875,11
07/16/24,9:17:09,Buoy,PRODSS,,9.6,1009.4,86.9,9.91,97.7,,0.82,5.69,1.27,0.13,0.14,10.878,11
07/16/24,9:15:29,Buoy,PRODSS,,10.6,1009.3,94.1,10.47,97.5,,0.9,13.56,3.13,0.2,0.21,9.908,10
07/16/24,9:15:42,Buoy,PRODSS,,10.6,1009.4,93,10.36,97.4,,0.91,9.66,2.21,0.23,0.24,9.919,10
07/16/24,9:15:51,Buoy,PRODSS,,10.6,1009.4,92.7,10.32,97.3,,0.92,7.53,1.71,0.24,0.24,9.924,10
07/16/24,9:16:04,Buoy,PRODSS,,10.6,1009.3,92.4,10.28,97.3,,0.87,14.97,3.46,0.23,0.23,9.929,10
07/16/24,9:16:14,Buoy,PRODSS,,10.6,1009.4,92.2,10.27,97.3,,0.96,13.86,3.2,0.27,0.27,9.927,10
07/16/24,9:14:31,Buoy,PRODSS,,12,1009.3,99.1,10.67,96.8,,0.77,6.51,1.47,0.07,0.08,8.892,9
07/16/24,9:14:39,Buoy,PRODSS,,12.1,1009.4,99,10.65,96.7,,0.77,3.79,0.82,0.08,0.09,8.894,9
07/16/24,9:14:49,Buoy,PRODSS,,12.1,1009.3,98.7,10.6,96.7,,0.78,4.17,0.91,0.09,0.11,8.895,9
07/16/24,9:14:58,Buoy,PRODSS,,12.2,1009.3,98.6,10.59,96.7,,0.77,7.28,1.65,0.1,0.12,8.895,9
07/16/24,9:13:42,Buoy,PRODSS,,14.3,1009.3,104.1,10.66,97.1,,0.7,4.59,1.01,0.04,0.05,7.858,8
07/16/24,9:13:08,Buoy,PRODSS,,17.9,1009.3,107.4,10.19,97.8,,0.63,3,0.64,0,0.02,6.889,7
07/16/24,9:12:42,Buoy,PRODSS,,22.2,1009.2,108.2,9.42,98.6,,0.56,2.52,0.52,-0.01,0.01,5.847,6
07/16/24,9:12:07,Buoy,PRODSS,,26.3,1009.3,108.4,8.74,99.3,,0.45,1.45,0.27,-0.01,0.01,3.933,4
07/16/24,9:11:46,Buoy,PRODSS,,26.4,1009.3,108.6,8.75,99.3,,0.46,1.34,0.25,-0.04,-0.01,2.92,3
07/16/24,9:11:24,Buoy,PRODSS,,26.5,1009.3,108.6,8.74,99.4,,0.44,1.34,0.24,-0.01,0.01,1.884,2
07/16/24,9:11:01,Buoy,PRODSS,,26.5,1009.3,108.6,8.73,99.4,,0.46,1.31,0.24,-0.01,0.01,0.533,1
07/16/24,9:10:43,Buoy,PRODSS,,26.4,1009.2,108.3,8.73,99.3,,0.45,1.27,0.23,0,0.02,0.286,0.5
07/16/24,9:10:00,Buoy,PRODSS,,26.4,1009.2,108.3,8.72,99.2,,0.38,1.31,0.24,-0.01,0.01,0.214,0.1
07/17/24,9:43:15,Buoy,PRODSS,,8.8,1011.3,81.5,9.46,97.9,,0.71,4.08,0.89,0.14,0.15,12.16,12.5
07/17/24,9:41:15,Buoy,PRODSS,,9,1011.4,83.5,9.65,98.1,,0.65,4.31,0.95,0.1,0.11,11.856,12
07/17/24,9:40:16,Buoy,PRODSS,,10.2,1011.4,88.3,9.92,97.5,,0.76,11.63,2.67,0.23,0.24,10.862,11
07/17/24,9:36:49,Buoy,PRODSS,,10.6,1011.5,91.2,10.15,97.4,,0.71,9.22,2.1,0.15,0.16,9.877,10
07/17/24,9:34:05,Buoy,PRODSS,,11.4,1011.5,95.9,10.46,97.2,,0.7,8.76,2,0.12,0.14,8.856,9
07/17/24,9:32:14,Buoy,PRODSS,,13.7,1011.5,103.2,10.7,97.4,,0.59,4.53,1,0.05,0.07,7.925,8
07/17/24,9:31:09,Buoy,PRODSS,,17.8,1011.5,108.3,10.29,98,,0.5,3.37,0.73,0.02,0.04,6.936,7
07/17/24,9:30:23,Buoy,PRODSS,,21.2,1011.6,110,9.76,98.4,,0.5,2.79,0.59,0.03,0.05,5.925,6
07/17/24,9:29:40,Buoy,PRODSS,,25.4,1011.6,107.4,8.81,99.3,,0.35,1.62,0.31,0,0.02,4.941,5
07/17/24,9:27:39,Buoy,PRODSS,,26.2,1011.7,107.6,8.69,99.3,,0.34,1.42,0.26,-0.03,-0.01,3.908,4
07/17/24,9:29:20,Buoy,PRODSS,,26.3,1011.6,107.6,8.69,99.3,,0.37,1.39,0.26,-0.02,0,3.948,4
07/17/24,9:26:45,Buoy,PRODSS,,26.5,1011.6,107.7,8.66,99.4,,0.37,1.3,0.24,-0.03,-0.01,2.89,3
07/17/24,9:25:19,Buoy,PRODSS,,26.5,1011.6,107.9,8.66,99.4,,0.34,1.1,0.19,-0.03,-0.01,1.86,2
07/17/24,9:22:34,Buoy,PRODSS,,26.5,1011.5,107.9,8.67,99.4,,0.33,0.91,0.14,-0.03,-0.01,0.879,1
07/17/24,9:22:53,Buoy,PRODSS,,26.5,1011.6,107.9,8.67,99.4,,0.37,1.03,0.17,-0.03,-0.01,0.889,1
07/17/24,9:24:38,Buoy,PRODSS,,26.6,1011.6,108,8.67,99.4,,0.34,0.88,0.14,-0.02,0.01,0.918,1
07/17/24,9:21:34,Buoy,PRODSS,,26.6,1011.3,107.9,8.67,99.4,,0.35,0.92,0.15,-0.01,0.01,0.384,0.5
07/17/24,9:21:02,Buoy,PRODSS,,26.5,1011.3,107.9,8.67,99.4,,0.38,0.91,0.14,-0.05,-0.03,0.221,0.1
07/18/24,11:04:47,Buoy,PRODSS,,9.5,1012.4,84.5,9.65,97.7,,0.72,5.67,1.27,0.1,0.12,11.884,12
07/18/24,11:03:55,Buoy,PRODSS,,9.7,1012.3,87.5,9.93,97.5,,0.69,5.68,1.27,0.13,0.14,10.914,11
07/18/24,11:03:01,Buoy,PRODSS,,10.9,1012.5,94.3,10.41,97.2,,0.8,11.96,2.75,0.25,0.26,9.616,10
07/18/24,11:02:22,Buoy,PRODSS,,11.5,1012.4,97.9,10.67,97.1,,0.69,8.49,1.93,0.11,0.12,8.889,9
07/18/24,11:01:36,Buoy,PRODSS,,13.5,1012.2,103.5,10.78,96.8,,0.61,4.88,1.08,0.08,0.09,7.903,8
07/18/24,11:00:37,Buoy,PRODSS,,17,1012.4,108.8,10.5,97.3,,0.56,3.37,0.72,0.03,0.05,6.795,7
07/18/24,10:58:04,Buoy,PRODSS,,21.1,1012.4,108.7,9.68,98.2,,0.49,2.86,0.6,0.01,0.03,5.909,6
07/18/24,10:57:32,Buoy,PRODSS,,25.7,1012.5,106.9,8.71,99.1,,0.37,1.55,0.3,0,0.02,4.934,5
07/18/24,10:55:02,Buoy,PRODSS,,26.2,1012.4,107.6,8.69,99.2,,0.34,1.4,0.26,-0.02,0,3.967,4
07/18/24,10:57:11,Buoy,PRODSS,,26.2,1012.4,107.6,8.69,99.2,,0.36,1.34,0.25,0,0.02,3.992,4
07/18/24,10:54:17,Buoy,PRODSS,,26.3,1012.4,107.5,8.68,99.2,,0.34,1.35,0.25,-0.05,-0.03,2.953,3
07/18/24,10:53:45,Buoy,PRODSS,,26.4,1012.4,107.4,8.64,99.2,,0.35,1.2,0.21,0,0.02,1.883,2
07/18/24,10:52:00,Buoy,PRODSS,,26.5,1012.1,107.3,8.63,99.2,,0.33,0.89,0.14,-0.01,0.01,0.222,1
07/18/24,10:52:57,Buoy,PRODSS,,26.4,1012.2,107.4,8.64,99.2,,0.31,1.12,0.19,-0.01,0.01,0.755,1
07/18/24,10:52:29,Buoy,PRODSS,,26.5,1012.2,107.4,8.64,99.2,,0.33,1,0.17,0,0.02,0.353,0.5
07/19/24,9:02:56,Buoy,PRODSS,,9.1,1019.6,81.8,9.43,97.9,,0.69,3.49,0.75,0.13,0.14,11.868,12
07/19/24,9:02:00,Buoy,PRODSS,,9.6,1019.7,84.3,9.61,97.7,,0.7,6.84,1.54,0.14,0.15,10.865,11
07/19/24,9:00:20,Buoy,PRODSS,,10.4,1019.6,91,10.17,97.4,,0.76,10.32,2.36,0.21,0.22,9.926,10
07/19/24,8:59:13,Buoy,PRODSS,,12,1019.6,98.6,10.62,97.1,,0.7,7.42,1.68,0.13,0.14,8.902,9
07/19/24,8:57:50,Buoy,PRODSS,,14.2,1019.7,105,10.78,96.9,,0.66,4.29,0.94,0.04,0.06,7.898,8
07/19/24,8:56:49,Buoy,PRODSS,,16.3,1019.7,108.3,10.62,97.2,,0.6,3.58,0.78,0.04,0.06,6.865,7
07/19/24,8:55:30,Buoy,PRODSS,,19.1,1019.6,109.4,10.13,97.4,,0.57,2.93,0.62,0.01,0.03,5.943,6
07/19/24,8:54:24,Buoy,PRODSS,,25.5,1019.6,106.8,8.75,99.2,,0.37,1.46,0.27,-0.02,0,4.928,5
07/19/24,8:53:58,Buoy,PRODSS,,25.5,1019.7,106.9,8.75,99.2,,0.37,1.46,0.27,0,0.02,3.936,4
07/19/24,8:53:05,Buoy,PRODSS,,25.5,1019.7,106.8,8.74,99.2,,0.36,1.49,0.28,0,0.02,2.947,3
07/19/24,8:51:51,Buoy,PRODSS,,25.6,1019.6,107.1,8.75,99.2,,0.36,1.3,0.24,-0.02,0,1.897,2
07/19/24,8:51:07,Buoy,PRODSS,,25.6,1019.5,107.1,8.76,99.2,,0.38,1,0.16,0,0.02,0.898,1
07/19/24,8:50:20,Buoy,PRODSS,,25.6,1019.6,107.1,8.76,99.2,,0.39,1.23,0.22,0,0.02,0.364,0.5
07/19/24,8:49:32,Buoy,PRODSS,,25.5,1019.6,107.3,8.78,99.2,,0.38,0.97,0.16,0.01,0.03,0.221,0.1
07/22/24,9:36:18,Buoy,PRODSS,,9.8,1019.9,86.9,9.85,97.8,,1.46,13.93,3.22,0.35,0.35,11.758,12
07/22/24,9:35:48,Buoy,PRODSS,,10.1,1020,89.3,10.07,97.6,,0.93,12.18,2.8,0.3,0.3,10.913,11
07/22/24,9:35:15,Buoy,PRODSS,,10.7,1019.9,94.4,10.49,97.9,,0.95,16.53,3.83,0.33,0.33,9.884,10
07/22/24,9:34:45,Buoy,PRODSS,,12.3,1020,101.1,10.82,97.7,,0.74,7.98,1.81,0.06,0.08,9.006,9
07/22/24,9:34:12,Buoy,PRODSS,,15.2,1019.9,107.4,10.78,97.4,,0.68,4.42,0.97,0.06,0.08,7.884,8
07/22/24,9:33:46,Buoy,PRODSS,,17.1,1020,110.4,10.63,97.8,,0.69,3.75,0.81,0.04,0.06,6.851,7
07/22/24,9:32:54,Buoy,PRODSS,,22,1019.9,107.3,9.37,99.8,,0.59,2.79,0.59,-0.01,0.01,5.903,6
07/22/24,9:32:30,Buoy,PRODSS,,24.9,1019.9,106.3,8.8,99.4,,0.49,1.47,0.28,-0.02,0,4.967,5
07/22/24,9:31:58,Buoy,PRODSS,,24.9,1019.8,106.8,8.84,99.4,,0.49,1.5,0.28,-0.02,0,3.934,4
07/22/24,9:31:36,Buoy,PRODSS,,24.9,1019.9,106.8,8.84,99.4,,0.48,1.34,0.25,-0.02,0,2.941,3
07/22/24,9:30:55,Buoy,PRODSS,,25,1019.8,107.1,8.85,99.4,,0.46,1.16,0.2,0,0.02,1.869,2
07/22/24,9:30:35,Buoy,PRODSS,,25.1,1019.9,107.3,8.85,99.4,,0.49,0.91,0.14,0,0.02,0.551,1
07/22/24,9:30:19,Buoy,PRODSS,,25.1,1019.8,107.4,8.86,99.4,,0.47,1.04,0.18,-0.03,-0.01,0.274,0.5
07/22/24,9:30:07,Buoy,PRODSS,,25.1,1019.8,107.5,8.87,99.4,,0.46,0.91,0.14,-0.03,-0.01,0.217,0.1
07/23/24,9:18:24,Buoy,PRODSS,,9.3,1018.2,85.2,9.78,97.9,,0.79,4.6,1.01,0.11,0.12,11.868,12
07/23/24,9:17:52,Buoy,PRODSS,,10.2,1018.3,90.4,10.16,97.8,,0.88,12.82,2.95,0.23,0.23,10.904,11
07/23/24,9:17:23,Buoy,PRODSS,,10.9,1018.3,94.4,10.42,97.4,,0.78,9.14,2.09,0.15,0.16,9.899,10
07/23/24,9:16:37,Buoy,PRODSS,,12.6,1018.3,101.8,10.83,97.8,,0.68,6.68,1.51,0.08,0.09,8.902,9
07/23/24,9:16:13,Buoy,PRODSS,,14.8,1018.2,105,10.64,98,,0.64,4.65,1.03,0.03,0.05,7.908,8
07/23/24,9:15:53,Buoy,PRODSS,,18.6,1018.3,109.9,10.28,100.1,,0.65,3.82,0.83,0.01,0.03,6.896,7
07/23/24,9:15:33,Buoy,PRODSS,,23.3,1018.3,110.8,9.45,98.6,,0.6,2.56,0.53,0.03,0.05,5.907,6
07/23/24,9:15:02,Buoy,PRODSS,,24.9,1018.3,106.4,8.81,99.4,,0.5,1.5,0.28,0.02,0.04,4.906,5
07/23/24,9:14:45,Buoy,PRODSS,,24.9,1018.3,106.4,8.81,99.4,,0.48,1.38,0.26,-0.01,0.01,3.969,4
07/23/24,9:14:25,Buoy,PRODSS,,24.9,1018.3,106.5,8.82,99.4,,0.48,1.41,0.26,-0.02,0,2.921,3
07/23/24,9:14:04,Buoy,PRODSS,,24.9,1018.2,106.7,8.83,99.4,,0.48,1.41,0.26,-0.02,0,1.906,2
07/23/24,9:13:42,Buoy,PRODSS,,24.9,1018.3,106.7,8.84,99.3,,0.46,1.34,0.25,-0.01,0.01,0.564,1
07/23/24,9:13:21,Buoy,PRODSS,,24.9,1018.3,106.8,8.84,99.3,,0.49,1.33,0.24,0,0.02,0.285,0.5
07/23/24,9:13:02,Buoy,PRODSS,,24.8,1018.2,106.7,8.84,99.3,,0.54,1.33,0.24,-0.02,0,0.221,0.1
07/24/24,12:30:36,Buoy,PRODSS,,9.7,1022.2,83,9.43,97.8,,0.73,5.92,1.33,0.13,0.14,10.836,11
07/24/24,12:28:05,Buoy,PRODSS,,10.5,1022,91.6,10.21,97.5,,0.71,11.42,2.62,0.19,0.2,9.987,10
07/24/24,12:26:45,Buoy,PRODSS,,12.4,1022.2,100.6,10.73,97.2,,0.66,6.94,1.57,0.09,0.1,8.94,9
07/24/24,12:26:10,Buoy,PRODSS,,14.5,1022,104.4,10.64,97.3,,0.57,4.21,0.92,0.04,0.06,7.9,8
07/24/24,12:25:48,Buoy,PRODSS,,18,1022.1,106.4,10.07,97.9,,0.59,4.53,1,0.05,0.07,6.935,7
07/24/24,12:25:14,Buoy,PRODSS,,24.6,1022.2,106.4,8.86,98.9,,0.41,1.59,0.3,-0.02,0,5.922,6
07/24/24,12:24:45,Buoy,PRODSS,,24.6,1022.1,106.3,8.85,98.9,,0.4,1.61,0.31,-0.02,0,4.914,5
07/24/24,12:24:28,Buoy,PRODSS,,24.6,1022.2,106.3,8.85,98.9,,0.41,1.65,0.32,0,0.02,3.958,4
07/24/24,12:24:11,Buoy,PRODSS,,24.6,1022.1,106.4,8.86,98.9,,0.4,1.63,0.31,0.01,0.03,2.976,3
07/24/24,12:23:32,Buoy,PRODSS,,24.6,1022.2,106.6,8.87,98.9,,0.39,1.52,0.29,-0.02,0.01,1.896,2
07/24/24,12:23:06,Buoy,PRODSS,,24.6,1022.3,106.6,8.88,98.9,,0.41,1.59,0.31,-0.01,0.01,0.926,1
07/24/24,12:22:10,Buoy,PRODSS,,24.6,1022.3,106.7,8.89,98.9,,0.41,1.48,0.28,-0.01,0.01,0.33,0.5
07/24/24,12:21:46,Buoy,PRODSS,,24.5,1022.4,107.1,8.93,98.5,,0.43,1.38,0.26,0.02,0.04,0.222,0.1
07/25/24,9:30:28,Buoy,PRODSS,,9.4,1016.9,83.2,9.52,97.8,,0.67,3.97,0.87,0.09,0.1,11.928,12
07/25/24,9:29:56,Buoy,PRODSS,,9.7,1017,86.4,9.82,97.7,,0.7,5.04,1.12,0.11,0.13,10.913,11
07/25/24,9:29:17,Buoy,PRODSS,,10.5,1017,91.8,10.24,97.8,,0.72,7.09,1.6,0.14,0.15,9.879,10
07/25/24,9:28:27,Buoy,PRODSS,,11.9,1016.9,99.7,10.75,97.2,,0.72,11.33,2.6,0.15,0.16,8.931,9
07/25/24,9:27:24,Buoy,PRODSS,,14.9,1017,106.7,10.79,97,,0.62,5.41,1.21,0.06,0.08,7.91,8
07/25/24,9:26:38,Buoy,PRODSS,,18,1017,111.1,10.51,97.9,,0.56,4.39,0.96,0.03,0.04,6.994,7
07/25/24,9:25:43,Buoy,PRODSS,,24.2,1016.9,105.4,8.84,98.8,,0.43,1.57,0.3,-0.01,0.01,5.83,6
07/25/24,9:25:11,Buoy,PRODSS,,24.2,1016.9,105.6,8.85,98.8,,0.41,1.61,0.31,-0.01,0.01,4.905,5
07/25/24,9:24:31,Buoy,PRODSS,,24.2,1016.9,105.8,8.87,98.8,,0.44,1.65,0.32,-0.01,0.01,3.851,4
07/25/24,9:24:13,Buoy,PRODSS,,24.2,1016.9,105.9,8.88,98.8,,0.42,1.63,0.31,-0.01,0.01,3.151,3
07/25/24,9:22:55,Buoy,PRODSS,,24.2,1016.8,106.1,8.89,98.8,,0.41,1.53,0.29,-0.02,0,1.894,2
07/25/24,9:22:43,Buoy,PRODSS,,24.2,1016.8,106,8.89,98.8,,0.46,1.56,0.3,0,0.02,0.885,1
07/25/24,9:21:12,Buoy,PRODSS,,24.2,1016.9,106.3,8.91,98.8,,0.42,1.55,0.3,0,0.02,0.288,0.5
07/25/24,9:20:55,Buoy,PRODSS,,24.2,1017.1,106.4,8.92,98.8,,0.44,1.42,0.27,0,0.02,0.212,0.1
07/26/24,11:55:19,Buoy,PRODSS,,9,1018.7,83.2,9.61,97.9,,1.15,3.18,0.68,0.1,0.12,12.063,12.5
07/26/24,11:55:03,Buoy,PRODSS,,9.2,1018.6,84.7,9.73,97.8,,0.75,2.92,0.62,0.08,0.1,11.939,12
07/26/24,11:54:38,Buoy,PRODSS,,10,1018.5,88,9.94,97.6,,0.84,4.27,0.94,0.1,0.11,10.823,11
07/26/24,11:53:44,Buoy,PRODSS,,10.7,1018.4,92.6,10.28,97.3,,0.89,10.85,2.49,0.24,0.24,9.863,10
07/26/24,11:53:53,Buoy,PRODSS,,10.7,1018.4,92.5,10.27,97.3,,0.91,11.71,2.69,0.21,0.22,9.857,10
07/26/24,11:53:58,Buoy,PRODSS,,10.7,1018.5,92.4,10.26,97.3,,0.91,13.73,3.17,0.23,0.23,9.857,10
07/26/24,11:52:37,Buoy,PRODSS,,11.8,1018.6,99.7,10.79,97,,0.8,12.04,2.77,0.16,0.17,8.859,9
07/26/24,11:52:00,Buoy,PRODSS,,13.9,1018.5,104,10.72,97.1,,0.7,6.82,1.54,0.07,0.08,7.84,8
07/26/24,11:51:33,Buoy,PRODSS,,19.9,1018.6,110.5,10.07,98,,0.64,3.25,0.69,0.04,0.06,6.881,7
07/26/24,11:51:03,Buoy,PRODSS,,23.6,1018.6,105.6,8.96,98.8,,0.53,1.64,0.32,0,0.02,5.895,6
07/26/24,11:50:26,Buoy,PRODSS,,23.6,1018.6,105.8,8.97,98.8,,0.54,1.49,0.28,-0.01,0.01,4.913,5
07/26/24,11:49:54,Buoy,PRODSS,,23.7,1018.3,106,8.98,98.8,,0.52,1.45,0.27,0,0.02,3.917,4
07/26/24,11:48:55,Buoy,PRODSS,,23.7,1017.7,106.2,8.98,98.8,,0.52,1.27,0.23,-0.01,0.01,2.911,3
07/26/24,11:48:25,Buoy,PRODSS,,23.8,1017.2,106.5,9,98.8,,0.54,1.26,0.23,-0.02,0,1.819,2
07/26/24,11:47:39,Buoy,PRODSS,,23.8,1018.6,106.6,9,98.8,,0.55,1,0.16,-0.01,0.01,0.739,1
07/26/24,11:47:03,Buoy,PRODSS,,23.8,1018.4,106.6,9,98.8,,0.53,1.03,0.17,0.02,0.04,0.352,0.5
07/26/24,11:46:18,Buoy,PRODSS,,23.8,1018.5,106.8,9.02,98.8,,1.51,1.04,0.17,0.23,0.24,0.217,0.1
6/12/24,13:32:19,Harbor,PRODSS,,19.4,1015.6,106.4,9.78,97.5,,1.44,1.57,0.3,0.03,0.05,3.503,4
6/12/24,13:31:27,Harbor,PRODSS,,19.7,1015.6,106.5,9.74,97.7,,0.38,1.52,0.29,0.02,0.04,2.416,3
6/12/24,13:31:15,Harbor,PRODSS,,19.8,1015.7,106.5,9.73,97.8,,0.37,1.54,0.29,0,0.02,1.616,2
6/12/24,13:30:54,Harbor,PRODSS,,19.9,1015.6,106.8,9.73,97.7,,0.41,1.44,0.27,-0.02,0.01,1.181,1
6/12/24,13:30:27,Harbor,PRODSS,,20,1015.7,106.8,9.71,97.5,,0.35,1.52,0.29,0.01,0.03,0.625,0.5
6/12/24,13:30:01,Harbor,PRODSS,,20,1015.7,106.7,9.69,97.6,,0.41,1.28,0.23,0,0.02,0.271,0.25
6/12/24,13:29:46,Harbor,PRODSS,,20.1,1015.8,106.9,9.7,97.5,,0.57,1.25,0.22,0.02,0.03,0.261,0.1
6/12/24,13:31:47,Harbor,PRODSS,,19.5,1015.6,106.2,9.75,97.6,,0.36,1.53,0.29,0,0.02,2.702,
6/13/24,11:37:30,Harbor,PRODSS,,19,1015.6,105.2,9.75,97.3,,0.53,1.86,0.37,-0.03,-0.01,3.671,4
6/13/24,11:37:08,Harbor,PRODSS,,19,1015.6,105.3,9.76,97.3,,0.45,1.95,0.39,0.02,0.04,2.883,3
6/13/24,11:36:26,Harbor,PRODSS,,19.1,1015.6,105.3,9.74,97.8,,0.4,1.73,0.34,-0.02,0,1.851,2
6/13/24,11:36:06,Harbor,PRODSS,,19.3,1015.7,105.5,9.73,97.6,,0.44,1.46,0.27,-0.02,0,0.645,1
6/13/24,11:35:40,Harbor,PRODSS,,19.5,1015.8,105.2,9.66,97.9,,0.4,1.12,0.19,-0.01,0.01,0.297,0.5
6/13/24,11:35:20,Harbor,PRODSS,,20,1015.7,104.6,9.5,98.9,,0.46,0.92,0.15,0.02,0.03,0.212,0.1
6/14/24,11:18:37,Harbor,PRODSS,,19.1,1011.6,104.7,9.7,97.4,,0.43,1.72,0.33,0.02,0.04,3.5,3.7
6/14/24,11:17:41,Harbor,PRODSS,,19.1,1011.6,105.2,9.74,97.3,,0.39,1.8,0.35,0,0.02,2.927,3
6/14/24,11:16:45,Harbor,PRODSS,,19.2,1011.6,105.6,9.75,97.3,,0.43,2.01,0.4,-0.02,0,1.883,2
6/14/24,11:15:53,Harbor,PRODSS,,19.3,1011.5,105.6,9.73,97.3,,0.42,1.87,0.37,-0.01,0.01,0.667,1
6/14/24,11:15:26,Harbor,PRODSS,,19.5,1011.5,105.3,9.68,97.4,,0.4,1.42,0.26,-0.01,0.01,0.264,0.5
6/14/24,11:15:13,Harbor,PRODSS,,19.5,1011.6,105,9.64,97.3,,1.54,1.12,0.19,0.31,0.31,0.222,0.1
06/18/24,8:41:00,Harbor,PRODSS,,19.3,1023.8,105.7,9.75,97.5,,0.62,2.65,0.56,0.01,0.03,3.561,3.5
06/18/24,8:39:31,Harbor,PRODSS,,19.4,1023.5,106,9.76,97.5,,0.48,2.23,0.45,-0.01,0.01,2.931,3
06/18/24,8:38:55,Harbor,PRODSS,,19.7,1023.5,106.1,9.71,97.9,,0.48,2.02,0.41,0,0.02,1.887,2
06/18/24,8:37:51,Harbor,PRODSS,,20.1,1023.4,106.4,9.66,98.1,,0.5,1.23,0.22,0,0.02,0.501,1
06/18/24,8:37:36,Harbor,PRODSS,,20.2,1023.3,106.7,9.66,98,,0.45,1.02,0.17,0.02,0.03,0.285,0.5
06/18/24,8:37:18,Harbor,PRODSS,,20.3,1023.3,106.5,9.63,98,,0.44,1.13,0.2,0.02,0.04,0.22,0.1
06/20/24,8:40:05,Harbor,PRODSS,,20.8,1024.8,108,9.66,97.8,,0.36,1.68,0.33,-0.01,0.01,3.208,3.5
06/20/24,8:39:52,Harbor,PRODSS,,20.9,1024.7,108.1,9.66,97.8,,0.29,1.64,0.32,0.01,0.03,2.957,3
06/20/24,8:39:30,Harbor,PRODSS,,20.9,1024.8,108.2,9.65,97.8,,0.42,1.87,0.37,-0.03,-0.01,1.882,2
06/20/24,8:38:58,Harbor,PRODSS,,21.1,1024.7,108,9.6,98.1,,0.32,1.63,0.31,-0.01,0.01,0.64,1
06/20/24,8:38:31,Harbor,PRODSS,,21.4,1024.7,107.7,9.53,98.1,,0.28,1.28,0.23,0,0.02,0.292,0.5
06/20/24,8:38:10,Harbor,PRODSS,,21.6,1024.7,106.1,9.34,99.1,,0.27,1.05,0.18,-0.01,0.01,0.222,0.1
06/21/24,8:46:31,Harbor,PRODSS,,22.1,1023.9,109.3,9.54,98.1,,0.57,1.64,0.32,-0.01,0.01,3.293,3.5
06/21/24,8:45:27,Harbor,PRODSS,,22.1,1023.9,109.5,9.55,97.9,,0.51,1.87,0.37,0,0.02,2.914,3
06/21/24,8:44:36,Harbor,PRODSS,,22.3,1023.8,109.1,9.48,98.5,,0.65,1.92,0.38,0.01,0.03,1.866,2
06/21/24,8:43:42,Harbor,PRODSS,,22.4,1023.8,109.5,9.5,97.7,,0.63,1.85,0.37,-0.01,0.01,0.773,1
06/21/24,8:43:09,Harbor,PRODSS,,22.5,1023.6,109.5,9.49,97.8,,0.61,1.32,0.24,0,0.02,0.369,0.5
06/21/24,8:40:46,Harbor,PRODSS,,22.6,1023.6,108.3,9.35,96.6,,0.63,1.18,0.21,-0.02,0.01,0.218,0.1
06/21/24,8:42:34,Harbor,PRODSS,,22.6,1023.5,109.4,9.46,97.9,,0.65,1.29,0.23,-0.02,0.01,0.217,0.1
06/24/24,15:04:56,Harbor,PRODSS,,19.7,1002,109,9.97,97.4,,0.47,2.83,0.6,0.03,0.04,3.499,3.5
06/24/24,15:03:57,Harbor,PRODSS,,19.8,1002,107.9,9.85,97.6,,0.52,3.32,0.71,0.02,0.04,2.922,3
06/24/24,15:02:57,Harbor,PRODSS,,20.2,1001.9,106.6,9.64,97.6,,0.47,3.09,0.66,0.03,0.05,1.838,2
06/24/24,15:02:38,Harbor,PRODSS,,21,1001.9,106.4,9.49,97.7,,0.49,2.58,0.54,0.02,0.04,0.571,1
06/24/24,15:02:16,Harbor,PRODSS,,21.3,1001.9,105.5,9.34,97.4,,0.45,2.36,0.49,0.04,0.06,0.311,0.5
06/24/24,15:01:59,Harbor,PRODSS,,21.5,1001.9,105.4,9.3,97.2,,0.42,1.65,0.32,-0.04,-0.02,0.214,0.1
06/25/24,11:13:43,Harbor,PRODSS,,21.1,1011.7,106.2,9.44,97.5,,0.52,1.87,0.37,0.01,0.02,3.39,3.5
06/25/24,11:11:14,Harbor,PRODSS,,21.2,1011.7,105.8,9.39,97.4,,0.49,1.76,0.34,0.01,0.03,2.933,3
06/25/24,11:10:34,Harbor,PRODSS,,21.3,1011.7,104.9,9.29,97.5,,0.5,1.51,0.29,-0.02,0,1.886,2
06/25/24,11:09:59,Harbor,PRODSS,,21.4,1011.6,104.3,9.22,98.2,,0.51,1.33,0.24,-0.01,0.01,0.921,1
06/25/24,11:09:05,Harbor,PRODSS,,21.6,1011.6,104.1,9.17,98.3,,0.5,1.23,0.22,-0.01,0.01,0.326,0.5
06/25/24,11:08:40,Harbor,PRODSS,,21.8,1011.7,104.8,9.2,98.1,,0.45,0.97,0.16,-0.01,0.01,0.221,0.1
06/26/24,13:17:33,Harbor,PRODSS,,20.8,1006.3,106.6,9.53,97.8,,0.63,2.22,0.45,0.03,0.05,3.453,3.5
06/26/24,13:16:20,Harbor,PRODSS,,21.4,1006.2,106.1,9.39,97.8,,0.54,2.48,0.51,0,0.02,2.944,3
06/26/24,13:15:18,Harbor,PRODSS,,21.5,1006.1,106,9.36,97.5,,0.48,2.08,0.42,0.02,0.04,1.828,2
06/26/24,13:14:53,Harbor,PRODSS,,21.6,1006.2,106.2,9.36,97.5,,0.52,1.57,0.3,0,0.02,0.669,1
06/26/24,13:14:30,Harbor,PRODSS,,21.8,1006.2,106.2,9.32,97.5,,0.48,1.33,0.24,-0.02,0,0.307,0.5
06/26/24,13:14:10,Harbor,PRODSS,,21.9,1006.3,105.8,9.27,97.3,,0.46,1.15,0.2,-0.01,0.01,0.216,0.1
06/27/24,9:21:09,Harbor,PRODSS,,21.5,1006.1,104.4,9.21,98.8,,0.9,2.44,0.5,0.03,0.05,3.516,3.5
06/27/24,9:20:24,Harbor,PRODSS,,21.6,1006.2,105.6,9.3,97.7,,0.51,2.24,0.46,0.02,0.04,2.94,3
06/27/24,9:20:01,Harbor,PRODSS,,21.6,1006.2,105.6,9.3,97.7,,0.51,1.36,0.25,-0.01,0.01,1.856,2
06/27/24,9:19:42,Harbor,PRODSS,,21.7,1006.2,105.3,9.26,97.7,,0.5,1.22,0.22,0.01,0.03,0.543,1
06/27/24,9:19:24,Harbor,PRODSS,,21.7,1006.3,104.8,9.21,97.7,,0.46,0.95,0.15,0.01,0.03,0.267,0.5
06/27/24,9:19:10,Harbor,PRODSS,,21.7,1006.1,104.1,9.15,97.1,,0.46,0.76,0.11,0.02,0.04,0.211,0.1
06/28/24,9:01:39,Harbor,PRODSS,,20.6,1020.3,104,9.35,98.2,,0.67,2.2,0.45,-0.01,0.01,3.377,3.5
06/28/24,9:00:44,Harbor,PRODSS,,20.7,1020.3,104.2,9.35,97.8,,0.52,1.96,0.39,0.01,0.03,2.925,3
06/28/24,9:00:15,Harbor,PRODSS,,20.7,1020.2,104.3,9.36,97.8,,0.49,1.76,0.34,-0.01,0.01,1.835,2
06/28/24,8:59:30,Harbor,PRODSS,,20.7,1020.4,104.3,9.35,97.8,,0.52,1.3,0.24,0.02,0.04,0.537,1
06/28/24,8:59:13,Harbor,PRODSS,,20.6,1020.4,104,9.33,97.7,,0.54,1.26,0.23,0.02,0.03,0.287,0.5
06/28/24,8:58:58,Harbor,PRODSS,,20.6,1020.3,103.4,9.28,97.6,,0.51,1.11,0.19,0.03,0.04,0.21,0.1
07/01/24,11:07:17,Harbor,PRODSS,,20.9,1018,106.2,9.5,97.5,,0.62,2.51,0.52,0.01,0.03,3.161,3.5
07/01/24,11:08:32,Harbor,PRODSS,,20.8,1017.9,106.3,9.5,97.5,,0.55,2.59,0.54,0.04,0.06,3.519,3.5
07/01/24,11:05:59,Harbor,PRODSS,,20.9,1017.9,106,9.47,97.5,,0.5,2.42,0.5,-0.02,0.01,2.919,3
07/01/24,11:05:27,Harbor,PRODSS,,20.9,1018,106.1,9.48,97.4,,0.55,2.2,0.45,0.03,0.05,1.884,2
07/01/24,11:05:02,Harbor,PRODSS,,20.9,1018,106,9.47,97.4,,0.51,1.82,0.36,0.01,0.03,0.727,1
07/01/24,11:04:36,Harbor,PRODSS,,20.9,1017.8,105.7,9.44,97.3,,0.53,1.45,0.27,0.01,0.03,0.313,0.5
07/01/24,11:04:23,Harbor,PRODSS,,20.9,1017.9,105.2,9.4,97.3,,0.51,1.63,0.31,0.01,0.03,0.218,0.1
07/02/24,15:42:51,Harbor,PRODSS,,21.4,1023.6,108.4,9.58,98,,0.48,2.25,0.46,0.01,0.03,2.979,3
07/02/24,15:42:22,Harbor,PRODSS,,21.8,1023.5,108.9,9.57,98,,0.54,1.74,0.34,0.02,0.04,1.912,2
07/02/24,15:41:54,Harbor,PRODSS,,21.9,1023.5,109,9.55,98.1,,0.49,1.68,0.32,0.01,0.03,0.768,1
07/02/24,15:41:19,Harbor,PRODSS,,21.9,1023.6,109,9.54,98.4,,0.46,1.84,0.36,0,0.02,0.42,0.5
07/02/24,15:40:34,Harbor,PRODSS,,22.4,1023.6,109.2,9.48,99.1,,0.49,1.18,0.21,-0.03,-0.01,0.222,0.1
07/03/24,8:44:49,Harbor,PRODSS,,21,1023.5,106.9,9.52,97.8,,0.61,2.84,0.6,0.02,0.04,3.328,3.5
07/03/24,8:43:34,Harbor,PRODSS,,21.2,1023.4,106.1,9.43,98.3,,0.55,2.18,0.44,0,0.02,2.964,3
07/03/24,8:42:36,Harbor,PRODSS,,21.3,1023.4,106.7,9.45,98,,0.47,1.8,0.35,-0.01,0.01,1.891,2
07/03/24,8:41:54,Harbor,PRODSS,,21.4,1023.2,107,9.47,98,,0.53,1.35,0.25,-0.01,0.01,0.715,1
07/03/24,8:41:28,Harbor,PRODSS,,21.4,1023.4,107.1,9.47,98.1,,0.47,1.15,0.2,-0.01,0.01,0.307,0.5
07/03/24,8:41:09,Harbor,PRODSS,,21.4,1023.3,107,9.47,98.1,,0.51,1.06,0.18,-0.01,0.01,0.214,0.1
07/10/24,8:52:20,Harbor,PRODSS,,23.6,1013.4,111.6,9.46,98.5,,0.51,2.05,0.41,-0.01,0.01,3.347,3.5
07/10/24,8:51:37,Harbor,PRODSS,,23.8,1013.5,110.7,9.34,99.2,,0.43,2.09,0.42,0,0.02,2.922,3
07/10/24,8:50:59,Harbor,PRODSS,,25.2,1013.6,109.7,9.02,98.9,,0.44,1.45,0.27,-0.01,0.01,1.9,2
07/10/24,8:50:32,Harbor,PRODSS,,25.3,1013.5,110.1,9.05,98.8,,0.4,1.34,0.24,0.02,0.04,0.774,1
07/10/24,8:50:00,Harbor,PRODSS,,25.3,1013.5,110.4,9.07,98.7,,0.39,1.12,0.19,-0.01,0.02,0.325,0.5
07/10/24,8:49:33,Harbor,PRODSS,,25.4,1013.5,110,9.03,98.3,,0.44,0.97,0.16,0,0.02,0.212,0.1
07/11/24,12:18:03,Harbor,PRODSS,,23.9,1011.3,116.9,9.86,98.5,,0.49,1.93,0.38,-0.01,0.01,3.537,3.5
07/11/24,12:17:08,Harbor,PRODSS,,24.8,1011.2,111.5,9.25,99,,0.44,1.98,0.4,0.01,0.03,2.907,3
07/11/24,12:16:33,Harbor,PRODSS,,25.4,1011.1,110,9.03,99.2,,0.42,1.56,0.3,0,0.02,1.9,2
07/11/24,12:16:13,Harbor,PRODSS,,25.6,1011.1,110.3,9.01,99.2,,0.38,1.4,0.26,-0.03,0,0.747,1
07/11/24,12:15:48,Harbor,PRODSS,,25.9,1011.1,110.7,8.99,99.3,,0.37,1.37,0.25,-0.01,0.01,0.416,0.5
07/11/24,12:15:13,Harbor,PRODSS,,26.1,1011.2,109.3,8.85,99.9,,0.37,1.15,0.2,-0.02,0,0.225,0.1
07/12/24,10:46:10,Harbor,PRODSS,,25.3,1020.9,109.8,9.03,99.1,,0.59,1.73,0.34,-0.01,0.01,3.614,3.5
07/12/24,10:45:33,Harbor,PRODSS,,25.3,1021.1,109.6,9.01,98.9,,0.41,1.55,0.29,-0.02,0,2.923,3
07/12/24,10:45:00,Harbor,PRODSS,,25.4,1021.1,109.9,9.02,98.9,,0.39,1.45,0.27,-0.01,0.01,1.884,2
07/12/24,10:44:06,Harbor,PRODSS,,25.5,1021.2,110.1,9.01,98.9,,0.41,0.89,0.14,0,0.02,0.632,1
07/12/24,10:44:26,Harbor,PRODSS,,25.5,1021.1,110,9.02,99,,0.42,1.06,0.18,-0.01,0.01,0.649,1
07/12/24,10:43:17,Harbor,PRODSS,,25.4,1021.2,109.7,8.99,98.7,,0.45,0.99,0.16,0.02,0.04,0.277,0.5
07/12/24,10:42:59,Harbor,PRODSS,,25.6,1021.2,110,9,97.9,,0.43,0.8,0.12,0.01,0.03,0.211,0.1
07/15/24,8:41:32,Harbor,PRODSS,,25.8,1012.5,107.5,8.75,99.7,,0.43,1.41,0.26,0.01,0.03,2.877,3
07/15/24,8:40:55,Harbor,PRODSS,,25.8,1012.4,108.2,8.81,99.4,,0.43,1.29,0.23,-0.01,0.01,1.874,2
07/15/24,8:40:05,Harbor,PRODSS,,25.8,1012.3,108.5,8.83,99.3,,0.45,1.34,0.25,-0.01,0.01,0.729,1
07/15/24,8:39:34,Harbor,PRODSS,,25.8,1012.4,108.5,8.83,99.2,,0.48,0.89,0.14,-0.01,0.01,0.281,0.5
07/15/24,8:39:17,Harbor,PRODSS,,25.7,1012.4,108.5,8.85,98.6,,0.46,0.95,0.15,0,0.02,0.214,0.1
07/16/24,8:46:51,Harbor,PRODSS,,25.7,1009.4,105.7,8.62,99.5,,0.51,1.46,0.27,-0.03,-0.01,3.384,3.5
07/16/24,8:45:57,Harbor,PRODSS,,25.7,1009.5,106.7,8.7,99.5,,0.44,1.46,0.27,-0.01,0.01,2.901,3
07/16/24,8:45:26,Harbor,PRODSS,,25.7,1009.4,107.2,8.74,99.4,,0.39,1.51,0.28,-0.01,0.01,1.87,2
07/16/24,8:45:01,Harbor,PRODSS,,25.7,1009.5,107.4,8.75,99.3,,0.41,1.15,0.2,-0.02,0,0.634,1
07/16/24,8:44:41,Harbor,PRODSS,,25.7,1009.5,107.3,8.76,99.2,,0.39,1.26,0.23,-0.01,0.01,0.304,0.5
07/16/24,8:44:21,Harbor,PRODSS,,25.7,1009.4,107.2,8.74,99,,0.42,1.24,0.22,0.01,0.03,0.216,0.1
07/17/24,8:32:04,Harbor,PRODSS,,25.8,1011.5,106.4,8.67,99.1,,0.4,1.32,0.24,0,0.02,2.898,3
07/17/24,8:31:35,Harbor,PRODSS,,25.8,1011.6,106.7,8.68,99.1,,0.39,1.3,0.24,-0.02,0,1.854,2
07/17/24,8:30:53,Harbor,PRODSS,,25.8,1011.7,106.9,8.7,99.1,,0.38,1.15,0.2,0,0.02,0.888,1
07/17/24,8:30:08,Harbor,PRODSS,,25.9,1011.7,107.1,8.71,99,,0.39,1.01,0.17,0.02,0.04,0.313,0.5
07/17/24,8:29:48,Harbor,PRODSS,,25.9,1011.6,107.1,8.71,99,,0.38,0.86,0.13,-0.01,0.01,0.219,0.1
07/18/24,9:35:28,Harbor,PRODSS,,25.9,1012.2,105.2,8.55,99.7,,0.48,1.44,0.27,-0.03,0,2.924,3
07/18/24,9:34:37,Harbor,PRODSS,,25.9,1012.2,106.5,8.65,99.2,,0.4,1.43,0.27,0.01,0.03,1.885,2
07/18/24,9:33:53,Harbor,PRODSS,,25.9,1012.2,106.7,8.67,99.2,,0.41,1.42,0.26,-0.02,0,0.926,1
07/18/24,9:33:11,Harbor,PRODSS,,25.9,1012.3,106.6,8.66,99.2,,0.39,1.33,0.24,-0.01,0.01,0.385,0.5
07/18/24,9:32:36,Harbor,PRODSS,,25.9,1012.2,106.7,8.68,99.1,,0.4,1.32,0.24,-0.02,0,0.218,0.1
07/19/24,8:25:20,Harbor,PRODSS,,25.3,1019.5,110.3,9.06,99.2,,0.41,1.64,0.32,0.01,0.03,3.393,3.5
07/19/24,8:23:29,Harbor,PRODSS,,25.5,1019.5,107.9,8.83,99.6,,0.44,1.36,0.25,-0.01,0.01,2.878,3
07/19/24,8:22:34,Harbor,PRODSS,,25.5,1019.6,107.7,8.81,99.3,,0.41,1.29,0.23,0,0.02,1.843,2
07/19/24,8:22:01,Harbor,PRODSS,,25.5,1019.6,108.3,8.86,99.2,,0.41,1.14,0.2,-0.02,0,0.884,1
07/19/24,8:20:58,Harbor,PRODSS,,25.5,1019.7,108.5,8.88,99,,0.4,1.22,0.22,0,0.02,0.362,0.5
07/19/24,8:20:24,Harbor,PRODSS,,25.5,1019.6,108.5,8.89,98.5,,0.42,1.02,0.17,-0.01,0.01,0.219,0.1
07/22/24,12:35:52,Harbor,PRODSS,,24.8,1019.1,107.6,8.92,99.5,,0.69,1.82,0.36,-0.01,0.01,3.346,3.5
07/22/24,12:35:13,Harbor,PRODSS,,25,1019,107.6,8.89,99.7,,0.44,1.61,0.31,-0.02,0,2.94,3
07/22/24,12:34:49,Harbor,PRODSS,,25.2,1018.9,108,8.89,99.6,,0.43,1.25,0.22,-0.01,0.01,1.874,2
07/22/24,12:34:34,Harbor,PRODSS,,25.4,1018.9,108.5,8.9,99.6,,0.45,1.13,0.2,-0.02,0,0.446,1
07/22/24,12:34:22,Harbor,PRODSS,,25.4,1019,108.7,8.9,99.6,,0.45,1.15,0.2,0.02,0.04,0.282,0.5
07/22/24,12:34:11,Harbor,PRODSS,,25.4,1018.9,108.5,8.9,99.7,,0.42,0.98,0.16,0.45,0.44,0.216,0.1
07/23/24,8:49:33,Harbor,PRODSS,,24.9,1018.2,107.3,8.88,99.4,,0.41,1.5,0.28,-0.01,0.01,2.843,3
07/23/24,8:48:31,Harbor,PRODSS,,24.9,1018.2,107.4,8.89,99.4,,0.44,1.48,0.28,-0.01,0.01,1.857,2
07/23/24,8:47:58,Harbor,PRODSS,,24.9,1018.2,107.4,8.9,99.3,,0.42,1.53,0.29,-0.01,0.01,0.703,1
07/23/24,8:47:31,Harbor,PRODSS,,24.8,1018.2,107.6,8.91,99.2,,0.42,1.43,0.27,-0.02,0.01,0.309,0.5
07/23/24,8:46:43,Harbor,PRODSS,,24.6,1018.2,107.7,8.95,98.2,,0.49,1.41,0.26,-0.01,0.01,0.215,0.1
07/23/24,8:47:08,Harbor,PRODSS,,24.6,1018.2,107.6,8.96,98.3,,0.47,1.41,0.26,0,0.02,0.216,0.1
07/24/24,12:02:53,Harbor,PRODSS,,24.7,1022.2,105.4,8.76,99.1,,0.53,1.87,0.37,-0.02,0,2.891,3
07/24/24,12:01:54,Harbor,PRODSS,,24.7,1022.3,105.5,8.77,99.1,,0.49,1.78,0.35,0.02,0.04,1.862,2
07/24/24,12:01:32,Harbor,PRODSS,,24.7,1022.3,105.5,8.77,99,,0.49,1.79,0.35,-0.03,0,0.935,1
07/24/24,12:00:47,Harbor,PRODSS,,24.5,1022.5,105.8,8.82,98.7,,0.47,1.72,0.33,0,0.02,0.322,0.5
07/24/24,12:00:21,Harbor,PRODSS,,24.5,1022.6,106.2,8.86,98.1,,0.49,1.66,0.32,0.01,0.03,0.207,0.1
07/25/24,10:21:59,Harbor,PRODSS,,24.1,1016.3,104.6,8.78,99.1,,1.32,2.2,0.45,0.03,0.05,2.922,3
07/25/24,10:21:15,Harbor,PRODSS,,24.2,1016.5,104.1,8.73,99.1,,0.5,1.57,0.3,0.01,0.03,1.869,2
07/25/24,10:20:49,Harbor,PRODSS,,24.2,1016.3,104.1,8.72,99.2,,0.48,1.58,0.3,-0.02,0,0.813,1
07/25/24,10:20:11,Harbor,PRODSS,,24.2,1016.4,104.4,8.75,99.1,,0.46,1.41,0.26,0,0.02,0.33,0.5
07/25/24,10:19:53,Harbor,PRODSS,,24.2,1016.6,104.9,8.79,98.9,,0.45,1.4,0.26,0.02,0.04,0.221,0.1
07/26/24,11:28:02,Harbor,PRODSS,,23.8,1018.4,104.8,8.86,99.3,,0.46,1.27,0.23,-0.03,-0.01,2.928,3
07/26/24,11:27:17,Harbor,PRODSS,,23.8,1018.4,105.2,8.88,100,,0.47,1.19,0.21,-0.01,0.01,1.866,2
07/26/24,11:26:52,Harbor,PRODSS,,23.9,1018.4,105.8,8.91,100.2,,0.49,1.11,0.19,-0.01,0.01,0.489,1
07/26/24,11:26:40,Harbor,PRODSS,,23.9,1018.5,105.8,8.92,99.8,,0.46,1.03,0.17,0,0.02,0.327,0.5
07/26/24,11:26:15,Harbor,PRODSS,,23.9,1018.4,106.1,8.94,99.7,,0.48,0.98,0.16,-0.01,0.01,0.219,0.1
6/12/24,12:44:50,Midge,PRODSS,,19.9,1015.8,100.2,9.13,99.7,,1.11,1.63,0.31,0,0.02,2.169,2.2
6/12/24,12:44:05,Midge,PRODSS,,19.9,1015.9,101,9.2,99.6,,0.41,1.37,0.25,0,0.02,1.904,2
6/12/24,12:42:46,Midge,PRODSS,,20.4,1015.9,101.5,9.16,100.1,,0.47,1.38,0.25,-0.01,0.01,0.812,1
6/12/24,12:43:36,Midge,PRODSS,,20.3,1015.9,101.1,9.13,100.1,,0.39,1.24,0.22,0.01,0.03,1.02,1
6/12/24,12:42:06,Midge,PRODSS,,20.5,1015.9,102.4,9.22,100,,0.45,1.23,0.22,0.02,0.04,0.356,0.5
6/12/24,12:41:24,Midge,PRODSS,,20.5,1016,102.8,9.26,100,,0.39,1.36,0.25,0,0.02,0.225,0.25
6/12/24,12:25:15,Midge,PRODSS,,20.6,975.7,107,9.61,102.3,,0.45,1.1,0.19,0.23,0.23,0.285,0.1
6/13/24,12:17:16,Midge,PRODSS,,20.5,1015.4,101,9.09,100,,0.52,1.47,0.28,0,0.02,1.209,1.5
6/13/24,12:16:35,Midge,PRODSS,,20.7,1015.3,102.4,9.18,100.2,,0.54,1.38,0.26,-0.02,0,0.682,1
6/13/24,12:16:10,Midge,PRODSS,,21.3,1015.4,104.7,9.27,100.2,,0.74,1.11,0.19,0,0.02,0.321,0.5
6/13/24,12:15:45,Midge,PRODSS,,21.4,1015.5,104.7,9.25,100,,0.46,1.07,0.18,-0.04,-0.01,0.221,0.1
6/14/24,10:50:27,Midge,PRODSS,,21.3,1011.2,104.3,9.23,99.9,,0.44,1.44,0.27,0,0.02,2.138,2.3
6/14/24,10:49:43,Midge,PRODSS,,21.4,1011.1,106.4,9.42,99.8,,0.36,1.69,0.33,0,0.02,1.791,2
6/14/24,10:49:20,Midge,PRODSS,,21.4,1011.1,106.9,9.46,99.8,,0.41,1.71,0.33,-0.02,0,0.516,1
6/14/24,10:49:04,Midge,PRODSS,,21.4,1011.3,107.4,9.51,99.7,,0.44,1.65,0.32,0,0.02,0.28,0.5
6/14/24,10:48:47,Midge,PRODSS,,21.3,1011,109.3,9.68,99.4,,0.44,1.58,0.3,-0.01,0.01,0.221,0.1
06/18/24,10:37:29,Midge,PRODSS,,21.2,1023.8,105.7,9.38,98.9,,0.37,1.26,0.23,-0.01,0.01,2.09,2.2
06/18/24,10:35:54,Midge,PRODSS,,21.3,1023.8,107.7,9.53,98.8,,0.46,1.17,0.21,0.03,0.05,1.89,2
06/18/24,10:35:13,Midge,PRODSS,,21.7,1023.7,108.6,9.55,99.6,,0.47,1.19,0.21,-0.01,0.01,0.887,1
06/18/24,10:34:32,Midge,PRODSS,,22.7,1023.7,109.5,9.44,100.7,,0.36,0.85,0.13,0,0.02,0.352,0.5
06/18/24,10:34:01,Midge,PRODSS,,23.9,1023.6,110.6,9.33,102,,0.35,1.06,0.18,0.04,0.06,0.228,0.1
06/20/24,8:07:59,Midge,PRODSS,,24.1,1024.9,107.2,9.01,99.2,,0.35,0.91,0.14,-0.02,0,2.049,2.2
06/20/24,8:07:39,Midge,PRODSS,,24.4,1024.8,106.2,8.86,99.7,,0.33,0.9,0.14,-0.04,-0.02,1.894,2
06/20/24,8:07:10,Midge,PRODSS,,25.1,1024.9,109.7,9.05,99.7,,0.31,1.07,0.18,-0.03,-0.01,0.595,1
06/20/24,8:06:48,Midge,PRODSS,,25.1,1024.8,108.8,8.98,99.7,,0.32,0.93,0.15,-0.01,0.01,0.284,0.5
06/20/24,8:06:29,Midge,PRODSS,,25.1,1024.9,106.4,8.77,100.7,,1.08,1.06,0.18,0.18,0.19,0.226,0.1
06/21/24,8:10:47,Midge,PRODSS,,24.5,1023.6,105.8,8.82,98.8,,0.36,1.19,0.21,0.01,0.03,2.03,2.2
06/21/24,8:09:54,Midge,PRODSS,,24.7,1023.7,107,8.9,98.8,,0.35,1.21,0.22,-0.02,0,1.883,2
06/21/24,8:08:59,Midge,PRODSS,,24.9,1023.7,108.2,8.95,99.3,,0.4,1.36,0.25,0,0.02,0.812,1
06/21/24,8:08:25,Midge,PRODSS,,25.1,1023.8,107.9,8.9,99.2,,0.41,1.53,0.29,-0.03,-0.01,0.35,0.5
06/21/24,8:07:55,Midge,PRODSS,,25,1023.7,108,8.91,99.2,,0.4,1.46,0.27,0.01,0.03,0.217,0.1
06/24/24,15:44:27,Midge,PRODSS,,22.3,1002,104.3,9.07,99.6,,0.56,1.38,0.25,0.01,0.03,1.932,2.2
06/24/24,15:43:56,Midge,PRODSS,,22.3,1002,104.9,9.12,99.7,,0.53,1.38,0.25,0.02,0.03,1.87,2
06/24/24,15:43:22,Midge,PRODSS,,22.4,1001.9,105,9.11,99.9,,0.46,1.49,0.28,-0.01,0.01,0.881,1
06/24/24,15:42:30,Midge,PRODSS,,22.5,1002,105.2,9.11,99.9,,0.45,1.34,0.24,-0.01,0.01,0.308,0.5
06/24/24,15:41:57,Midge,PRODSS,,22.3,1001.8,105.2,9.14,100.2,,0.5,1.17,0.21,0.02,0.04,0.21,0.1
06/25/24,8:10:58,Midge,PRODSS,,21.7,1010.3,101.7,8.94,99.8,,0.52,1.51,0.28,0.01,0.03,2.161,2.2
06/25/24,8:09:56,Midge,PRODSS,,21.7,1010.1,102.3,8.99,99.8,,0.49,1.36,0.25,0.01,0.03,1.876,2
06/25/24,8:08:45,Midge,PRODSS,,21.7,1010.3,103,9.06,99.7,,0.49,1.44,0.27,0.01,0.03,0.901,1
06/25/24,8:07:48,Midge,PRODSS,,21.7,1010.3,103.1,9.06,99.7,,0.48,1.05,0.18,0.01,0.03,0.38,0.5
06/25/24,8:07:03,Midge,PRODSS,,21.6,1010.2,103.9,9.15,99.3,,0.52,1,0.16,0.02,0.04,0.212,0.1
06/26/24,16:45:22,Midge,PRODSS,,23.4,1005.3,108.6,9.24,100.2,,0.5,1.77,0.35,0,0.02,1.9,2
06/26/24,16:45:09,Midge,PRODSS,,23.5,1005.2,108.6,9.23,100.3,,0.52,1.55,0.3,-0.01,0.01,0.46,1
06/26/24,16:44:56,Midge,PRODSS,,23.5,1005.3,108.6,9.23,100.3,,0.52,1.76,0.34,-0.01,0.01,0.273,0.5
06/26/24,16:44:42,Midge,PRODSS,,23.5,1005.2,108.5,9.22,100.3,,0.55,1.67,0.32,-0.01,0.01,0.23,0.1
06/27/24,9:53:32,Midge,PRODSS,,22.9,1006.3,104.8,9.01,99.1,,0.49,1.34,0.24,0.03,0.04,1.986,2.2
06/27/24,9:52:58,Midge,PRODSS,,22.9,1006.3,105.1,9.03,99.1,,0.5,1.43,0.27,0.01,0.03,1.888,2
06/27/24,9:52:31,Midge,PRODSS,,22.9,1006.4,105.3,9.04,99.1,,0.49,1.05,0.18,-0.01,0.01,0.535,1
06/27/24,9:52:18,Midge,PRODSS,,23,1006.2,105.5,9.05,99,,0.51,1.05,0.18,0.03,0.05,0.345,0.5
06/27/24,9:52:03,Midge,PRODSS,,23,1006.3,105.5,9.05,98.8,,0.51,1.04,0.18,0.06,0.08,0.22,0.1
06/28/24,8:15:56,Midge,PRODSS,,21.5,1019.9,100.9,8.89,99.2,,0.53,1.49,0.28,0.04,0.06,2.091,2.2
06/28/24,8:14:13,Midge,PRODSS,,21.6,1020,101.1,8.91,99.1,,0.53,1.5,0.28,-0.01,0.01,1.89,2
06/28/24,8:13:26,Midge,PRODSS,,21.6,1019.9,101.3,8.92,99.1,,0.52,1.16,0.2,0.01,0.03,0.708,1
06/28/24,8:13:00,Midge,PRODSS,,21.6,1019.8,101.1,8.9,99.1,,0.54,1.17,0.21,0,0.02,0.298,0.5
06/28/24,8:12:40,Midge,PRODSS,,21.6,1020,100.1,8.82,98.9,,0.46,1.03,0.17,0,0.02,0.22,0.1
07/01/24,11:52:04,Midge,PRODSS,,21.7,1018.3,105.4,9.27,98.9,,0.51,1.84,0.36,-0.01,0.01,1.908,2
07/01/24,11:51:16,Midge,PRODSS,,21.7,1018.1,106,9.32,98.9,,0.51,1.7,0.33,0.03,0.05,0.734,1
07/01/24,11:50:46,Midge,PRODSS,,21.7,1018.1,106,9.32,98.9,,0.5,1.61,0.31,0,0.02,0.316,0.5
07/01/24,11:50:29,Midge,PRODSS,,21.6,1018.3,105.9,9.32,98.7,,0.52,1.43,0.27,-0.01,0.01,0.221,0.1
07/02/24,8:28:30,Midge,PRODSS,,21.1,1025.3,105.3,9.37,97.8,,0.52,2.06,0.41,0,0.02,2.067,2.2
07/02/24,8:26:48,Midge,PRODSS,,21.1,1025.2,104.6,9.3,98.1,,0.54,1.9,0.38,0,0.02,1.881,2
07/02/24,8:26:08,Midge,PRODSS,,21.3,1025.3,103.4,9.16,99.4,,0.53,1.41,0.26,0.01,0.03,0.726,1
07/02/24,8:25:40,Midge,PRODSS,,21.3,1025.3,103.5,9.16,99.5,,0.53,1.11,0.19,0,0.02,0.403,0.5
07/02/24,8:24:09,Midge,PRODSS,,21.5,1025.3,103.8,9.17,99.6,,0.53,1.14,0.2,0.01,0.03,0.22,0.1
07/03/24,8:09:46,Midge,PRODSS,,21.6,1024,106.5,9.38,98.4,,0.63,2.32,0.48,0.02,0.04,2.16,2.2
07/03/24,8:08:21,Midge,PRODSS,,21.7,1023.9,107,9.4,98.7,,0.49,1.88,0.37,0.02,0.03,1.892,2
07/03/24,8:07:35,Midge,PRODSS,,22.1,1023.9,106.1,9.26,98.9,,0.53,1.51,0.29,0,0.02,0.872,1
07/03/24,8:06:56,Midge,PRODSS,,22.1,1024.1,106.3,9.28,98.9,,0.53,1.27,0.23,0,0.02,0.315,0.5
07/03/24,8:06:09,Midge,PRODSS,,22.1,1024,106.3,9.27,98.5,,0.57,1.07,0.18,0.03,0.05,0.217,0.1
07/03/24,8:06:28,Midge,PRODSS,,22.1,1024,106.4,9.28,98.7,,0.58,1.17,0.21,0.01,0.03,0.215,0.1
07/10/24,11:58:48,Midge,PRODSS,,26.3,1012.8,110.3,8.89,99.4,,0.55,2.16,0.44,-0.02,0,1.91,2.2
07/10/24,11:58:22,Midge,PRODSS,,26.5,1012.7,110.6,8.9,99.9,,0.39,1.95,0.39,-0.02,0,1.864,2
07/10/24,11:57:36,Midge,PRODSS,,27.1,1012.7,111,8.83,100.5,,0.35,1.49,0.28,-0.03,-0.01,0.581,1
07/10/24,11:57:09,Midge,PRODSS,,27.7,1012.7,112.1,8.82,100.5,,0.32,1.53,0.29,0.02,0.04,0.275,0.5
07/10/24,11:56:46,Midge,PRODSS,,28,1012.6,108.6,8.5,100.6,,3.53,1.44,0.27,0.01,0.03,0.219,0.1
07/11/24,8:07:25,Midge,PRODSS,,26.5,1010.5,109,8.76,99.5,,0.37,1.36,0.25,0,0.02,1.872,2
07/11/24,8:06:35,Midge,PRODSS,,26.5,1010.5,109.4,8.79,99.5,,0.36,1.34,0.25,-0.05,-0.03,0.9,1
07/11/24,8:05:27,Midge,PRODSS,,26.5,1010.4,109.8,8.83,99.4,,0.39,1.16,0.2,-0.03,-0.01,0.356,0.5
07/11/24,8:04:47,Midge,PRODSS,,26.5,1010.6,109.7,8.83,99.4,,0.39,1.3,0.24,0.01,0.03,0.215,0.1
07/12/24,8:08:34,Midge,PRODSS,,26.5,1021.3,106.5,8.56,99.9,,0.5,1.29,0.23,-0.01,0.01,1.97,2.2
07/12/24,8:08:01,Midge,PRODSS,,26.5,1021.3,107.3,8.63,99.8,,0.47,1.59,0.3,-0.02,0.01,1.897,2
07/12/24,8:07:36,Midge,PRODSS,,26.5,1021.2,107.9,8.67,99.7,,0.46,1.26,0.23,0,0.02,0.672,1
07/12/24,8:07:05,Midge,PRODSS,,26.5,1021.3,108.1,8.69,99.6,,0.45,1.18,0.21,0.01,0.03,0.301,0.5
07/12/24,8:06:35,Midge,PRODSS,,26.5,1021.3,108.8,8.75,99.7,,0.51,1.11,0.19,0.01,0.03,0.21,0.1
07/15/24,10:53:17,Midge,PRODSS,,27,1012.3,106.2,8.46,100.3,,0.45,1.26,0.23,-0.01,0.01,1.874,2
07/15/24,10:52:37,Midge,PRODSS,,27.2,1012.4,108.7,8.63,100.2,,0.39,1.29,0.23,0.01,0.03,0.754,1
07/15/24,10:52:06,Midge,PRODSS,,27.2,1012.3,108.7,8.62,100.2,,0.38,1.2,0.21,-0.01,0.01,0.373,0.5
07/15/24,10:51:19,Midge,PRODSS,,27.2,1012.2,108.6,8.62,100.1,,0.4,1.19,0.21,-0.01,0.01,0.225,0.1
07/16/24,8:15:30,Midge,PRODSS,,27.1,1009.4,106.8,8.49,100.3,,0.44,1.63,0.31,-0.02,0,1.856,2
07/16/24,8:14:59,Midge,PRODSS,,27.1,1009.4,106.8,8.5,100.3,,0.43,1.68,0.33,-0.04,-0.02,0.647,1
07/16/24,8:14:35,Midge,PRODSS,,27.1,1009.3,106.8,8.5,100.2,,0.44,1.58,0.3,0.02,0.03,0.321,0.5
07/16/24,8:14:09,Midge,PRODSS,,26.9,1009.4,108,8.62,99.4,,0.65,1.61,0.31,0.03,0.05,0.215,0.1
07/17/24,14:04:37,Midge,PRODSS,,27.9,1010.1,109,8.55,100.3,,0.4,1.55,0.3,-0.01,0.01,1.891,2
07/17/24,14:03:32,Midge,PRODSS,,28,1010.2,109,8.53,100.5,,0.39,1.61,0.31,0.02,0.04,0.773,1
07/17/24,14:02:59,Midge,PRODSS,,28.5,1010.1,109.5,8.5,100.4,,0.37,1.51,0.29,-0.03,-0.01,0.404,0.5
07/17/24,14:02:18,Midge,PRODSS,,28.5,1010.2,110,8.53,100.2,,0.37,1.54,0.29,0.01,0.03,0.217,0.1
07/18/24,8:37:26,Midge,PRODSS,,27.1,1012.1,104,8.27,101.2,,0.41,1.58,0.3,-0.02,0,1.91,2
07/18/24,8:36:44,Midge,PRODSS,,27.2,1012,105,8.34,100.4,,0.42,1.78,0.35,0,0.02,0.925,1
07/18/24,8:35:54,Midge,PRODSS,,27.2,1012,105.2,8.36,100.3,,0.4,1.72,0.34,0.01,0.02,0.373,0.5
07/18/24,8:35:22,Midge,PRODSS,,27,1012.1,105.3,8.39,99.9,,0.44,1.77,0.35,0,0.02,0.222,0.1
07/19/24,10:38:36,Midge,PRODSS,,26.2,1019.9,105,8.48,100.8,,0.42,1.5,0.28,-0.01,0.01,1.875,2
07/19/24,10:37:53,Midge,PRODSS,,26.2,1019.7,105.7,8.54,100.8,,0.41,1.16,0.2,0,0.02,0.75,1
07/19/24,10:37:23,Midge,PRODSS,,26.3,1019.7,106.1,8.56,100.7,,0.44,1.18,0.21,0.04,0.05,0.408,0.5
07/19/24,10:36:33,Midge,PRODSS,,26.3,1019.9,106.4,8.59,100.6,,0.43,1.12,0.19,0,0.02,0.22,0.1
07/22/24,7:35:16,Midge,PRODSS,,25.1,1020.3,104.4,8.61,100.5,,0.47,1.4,0.26,-0.01,0.01,1.884,2
07/22/24,7:34:41,Midge,PRODSS,,25.1,1020.3,105,8.65,100.4,,0.46,1.42,0.26,-0.01,0.01,0.654,1
07/22/24,7:34:16,Midge,PRODSS,,25.1,1020.3,105.4,8.68,100.4,,0.47,1.25,0.22,0.01,0.03,0.297,0.5
07/22/24,7:34:00,Midge,PRODSS,,25.1,1020.4,105.8,8.73,100.3,,0.52,1.1,0.19,0,0.02,0.24,0.1
07/23/24,11:07:54,Midge,PRODSS,,25.7,1018.4,106,8.65,100.1,,0.45,1.85,0.37,-0.02,0,1.832,2
07/23/24,11:07:25,Midge,PRODSS,,25.6,1018.4,106.1,8.67,100,,0.44,2,0.4,-0.01,0.01,0.794,1
07/23/24,11:06:50,Midge,PRODSS,,25.6,1018.5,106.2,8.67,100,,0.46,2.14,0.43,0,0.02,0.343,0.5
07/23/24,11:06:22,Midge,PRODSS,,25.5,1018.6,106.3,8.7,99.7,,0.48,1.92,0.38,0.01,0.03,0.211,0.1
07/24/24,8:24:26,Midge,PRODSS,,25,1022,103.8,8.58,99.5,,0.46,1.81,0.36,-0.02,0,1.898,2
07/24/24,8:24:02,Midge,PRODSS,,25,1022,104.2,8.61,99.4,,0.43,1.9,0.38,-0.02,0,0.843,1
07/24/24,8:23:24,Midge,PRODSS,,25,1022.2,104.5,8.64,99.3,,0.48,1.81,0.36,0,0.02,0.36,0.5
07/24/24,8:22:54,Midge,PRODSS,,24.7,1022.1,105.1,8.72,98.8,,0.54,1.91,0.38,0.01,0.03,0.209,0.1
07/25/24,8:11:55,Midge,PRODSS,,24.3,1017.3,101,8.45,101.2,,0.49,1.41,0.26,-0.01,0.01,1.815,2
07/25/24,8:11:31,Midge,PRODSS,,24.3,1017.1,101.6,8.5,101.2,,0.49,1.5,0.28,0,0.02,0.831,1
07/25/24,8:10:57,Midge,PRODSS,,24.3,1017.1,102.2,8.55,101.2,,0.49,1.66,0.32,0.01,0.03,0.427,0.5
07/25/24,8:10:08,Midge,PRODSS,,24.1,1017.2,107.2,9.01,99.9,,0.56,1.54,0.29,0.21,0.22,0.219,0.1
07/26/24,10:43:39,Midge,PRODSS,,23.9,1018.6,103.9,8.76,100.8,,0.48,1.18,0.21,0.02,0.04,1.87,2
07/26/24,10:43:13,Midge,PRODSS,,23.9,1018.5,104.4,8.8,100.7,,0.46,1.18,0.21,0.01,0.03,0.888,1
07/26/24,10:42:40,Midge,PRODSS,,24,1018.4,105.1,8.85,100.6,,0.51,0.98,0.16,0.01,0.03,0.29,0.5
07/26/24,10:42:22,Midge,PRODSS,,24,1018.4,105.2,8.85,100.6,,0.49,0.99,0.16,0.01,0.03,0.219,0.1